"CCSBT Registration Number","Vessel Group","Vessel Name","Flag","Authorising Entity","Callsign","Vessel Registration Number","IMO","Tonnage","Vessel Type","Gear Type","Authorisation From","Authorisation To"
"FV04529","Fishing","ACECHADOR","Spain","Spain","EABX","UNKNOWN","8715742","275.1","Longliners","Longline","01/01/2016","31/12/2017"
"FV04282","Fishing","ACTIVE","South Africa","South Africa","ZR6054","CT713","8623511","150.6","Longliners","Longline","01/02/2016","31/01/2017"
"FV06312","Fishing","AGIOS NIKOLAUS","Spain","Spain","EA4214","UNKNOWN","8960517","98.2","Longliners","Longline","01/01/2016","31/12/2017"
"FV05553","Fishing","AGUAS SANTAS","Portugal","Portugal","CUTG","AH-768-C","","232.7","Longliners","Longline","01/01/2010","31/12/2020"
"FV06195","Fishing","AKUA PASIFIK","Indonesia","Indonesia","YEC 4067","30 NO. 225/BB","","30.0","Longliners","Longline","04/08/2015","22/08/2016"
"FV06279","Fishing","ALAM PRIMA","Indonesia","Indonesia","YEB 5733","29 NO. 1703/BC","","29.0","Longliners","Longline","24/04/2015","23/06/2016"
"FV06273","Fishing","ALAM SUTERA","Indonesia","Indonesia","YEB. 4859","25 NO. 1539/BC","","25.0","Longliners","Longline","24/04/2015","22/06/2016"
"FV04511","Fishing","ALCYON","Portugal","Portugal","CUMC","L-4-N","","350.0","Longliners","Longline","01/01/2008","31/12/2020"
"FV06294","Fishing","ALEATHA T","New Zealand","New Zealand","ZMF4401","901283","","62.0","Longliners","Unspecified Method","01/01/2016","31/12/2016"
"FV04530","Fishing","ALEXIA","Spain","Spain","EA2781","UNKNOWN","9150585","99.2","Longliners","Longline","01/01/2016","31/12/2017"
"FV02313","Fishing","ALICE DELL","New Zealand","New Zealand","ZM2865","32864","","50.0","Multipurpose vessels","Longline,Troll","01/01/2016","31/12/2016"
"FV04500","Fishing","ALMA LUSA","Portugal","Portugal","CUPV3","PM-1269-N","","602.0","Longliners","Longline","01/01/2008","31/12/2020"
"FV02723","Fishing","ALTAIR III","New Zealand","New Zealand","ZM2750","63695","","98.3","Longliners","Longline","01/01/2016","31/12/2016"
"FV00761","Fishing","AMALTAL APOLLO","New Zealand","New Zealand","ZMOR","62373","8615851","335.0","Trawlers","Mid-water Trawl","01/01/2016","31/12/2016"
"FV00765","Fishing","AMALTAL COLUMBIA","New Zealand","New Zealand","ZMAC","62779","8913265","1 899.0","Trawlers","Mid-water Trawl","01/01/2016","31/12/2016"
"FV00771","Fishing","AMALTAL ENTERPRISE","New Zealand","New Zealand","ZMKW","63966","8619534","2 412.0","Trawlers","Mid-water Trawl","01/01/2016","31/12/2016"
"FV00769","Fishing","AMALTAL EXPLORER","New Zealand","New Zealand","ZMTZ","62311","8510805","1 386.0","Trawlers","Mid-water Trawl","01/01/2016","31/12/2016"
"FV00746","Fishing","AMALTAL MARINER","New Zealand","New Zealand","ZMAM","63146","9132466","498.0","Trawlers","Mid-water Trawl","01/01/2016","31/12/2016"
"FV06101","Fishing","AMANDA","Indonesia","Indonesia","YEB 5754","29 NO.1308/PD","","29.0","Longliners","Longline","12/11/2015","27/11/2016"
"FV04513","Fishing","ANTONIO MARIA","Portugal","Portugal","CUEX3","V-1072-C","","288.0","Longliners","Longline","01/01/2008","31/12/2020"
"FV03347","Fishing","APOLLO","New Zealand","New Zealand","ZM6291","8120","","24.0","Multipurpose vessels","Multiple Gear Types","01/01/2016","31/12/2016"
"FV02286","Fishing","AQUILA","New Zealand","New Zealand","ZM4053","32482","","35.0","Multipurpose vessels","Multiple Gear Types","01/01/2016","31/12/2016"
"FV04514","Fishing","ARTICO","Portugal","Portugal","CUFX","PD-400-N","","764.0","Gill netters","Gillnet","08/04/2010","31/12/2020"
"FV02204","Fishing","ASTA MARU","New Zealand","New Zealand","ZMA3731","16114","","26.0","Longliners","Longline","01/01/2016","31/12/2016"
"FV04265","Fishing","ATU-S","South Africa","South Africa","ZR2884","CT721","","199.4","Longliners","Longline","01/02/2016","31/01/2017"
"FV00755","Fishing","AUKAHA","New Zealand","New Zealand","ZMPD","63284","9144108","1 226.0","Trawlers","Mid-water Trawl,Troll,Unspecified Trawl","01/01/2016","31/12/2016"
"FV04841","Fishing","BAHARI - 07","Indonesia","Indonesia","YE. 4819","98 NO. 201/PD","","98.0","Longliners","Longline","19/08/2015","25/10/2016"
"FV04842","Fishing","BAHARI - 09","Indonesia","Indonesia","YE. 4821","87 NO. 699/DA","","87.0","Longliners","Longline","18/08/2015","25/10/2016"
"FV04849","Fishing","BAHARI - 6","Indonesia","Indonesia","YE. 4818","107 NO. 712/FP","","107.0","Longliners","Longline","26/06/2015","06/07/2016"
"FV04853","Fishing","BAHARI - 699","Indonesia","Indonesia","YE. 5074","144 NO. 882/PD","","144.0","Longliners","Longline","18/08/2015","25/10/2016"
"FV05839","Fishing","BAHARI - 89","Indonesia","Indonesia","YEB. 4209","163 NO. 1231/PD","","163.0","Longliners","Longline","25/06/2015","22/07/2016"
"FV04854","Fishing","BAHARI - 98","Indonesia","Indonesia","YEA. 4591","133 NO. 1141/PD","","133.0","Longliners","Longline","07/07/2015","07/07/2016"
"FV04855","Fishing","BAHARI 116","Indonesia","Indonesia","YE. 4950","167 NO. 922/PD","","167.0","Longliners","Longline","30/05/2015","29/05/2016"
"FV04856","Fishing","BAHARI 368","Indonesia","Indonesia","YE. 5903","147 NO. 462/PD","","147.0","Longliners","Longline","25/04/2015","24/04/2016"
"FV04857","Fishing","BAHARI 668","Indonesia","Indonesia","YE. 5933","149 NO. 473/PD","","149.0","Longliners","Longline","11/06/2015","10/06/2016"
"FV01382","Fishing","BALANCE","South Africa","South Africa","ZR3123","CT830","","64.4","Longliners","Longline","01/02/2016","31/01/2017"
"FV04534","Fishing","BALUEIRO SEGUNDO","Spain","Spain","EHPX","UNKNOWN","8822404","149.0","Longliners","Longline","01/01/2016","31/12/2017"
"FV05690","Fishing","BANDAR BAHARI - 18","Indonesia","Indonesia","YEB 5255","59 NO. 759/NA","","59.0","Longliners","Longline","25/08/2015","24/08/2016"
"FV06336","Fishing","BANDAR BAHARI - 188","Indonesia","Indonesia","YEB 5702","45 NO. 809/NA","","45.0","Longliners","Longline","31/07/2015","30/07/2016"
"FV06299","Fishing","BANDAR BAHARI - 28","Indonesia","Indonesia","YEB 5599","30 NO. 1146/NA","","30.0","Longliners","Longline","22/06/2015","10/09/2016"
"FV05691","Fishing","BANDAR BAHARI - 68","Indonesia","Indonesia","YEB 5256","58 NO. 606/NA","","58.0","Longliners","Longline","25/08/2015","25/08/2016"
"FV04880","Fishing","BANDAR NELAYAN - 102","Indonesia","Indonesia","YEA 5332","143 NO.611/PD","","143.0","Longliners","Longline","04/09/2015","21/08/2016"
"FV04882","Fishing","BANDAR NELAYAN - 126","Indonesia","Indonesia","YE. 5548","133 NO.800/PD","","133.0","Longliners","Longline","29/05/2015","17/07/2016"
"FV04883","Fishing","BANDAR NELAYAN - 127","Indonesia","Indonesia","YEA. 5620","131 NO. 804/PD","","131.0","Longliners","Longline","28/05/2015","17/07/2016"
"FV05809","Fishing","BANDAR NELAYAN - 226","Indonesia","Indonesia","YE. 4853","95 NO. 1283/PD","","95.0","Longliners","Longline","04/11/2015","12/10/2016"
"FV05728","Fishing","BANDAR NELAYAN - 280","Indonesia","Indonesia","YEB. 5212","128 NO.1227/PD","","128.0","Longliners","Longline","26/05/2015","08/05/2016"
"FV05852","Fishing","BANDAR NELAYAN - 80","Indonesia","Indonesia","YEB 5391","53 NO. 1608/PD","","53.0","Longliners","Longline","14/07/2015","12/08/2016"
"FV06127","Fishing","BANDAR TUNA JAYA - 3","Indonesia","Indonesia","YEC 4033","30 NO. 239/BB","","30.0","Longliners","Longline","30/09/2015","22/12/2016"
"FV05668","Fishing","BINA HASIL - I","Indonesia","Indonesia","YEA 5395","98 NO. 1536/PD","","98.0","Longliners","Longline","18/08/2015","17/08/2016"
"FV06067","Fishing","BINA HASIL JAYA 16","Indonesia","Indonesia","YEB. 5133","56 NO. 1518/PD","","56.0","Longliners","Longline","11/11/2015","10/11/2016"
"FV06300","Fishing","BINA HASIL JAYA XII","Indonesia","Indonesia","YEB 5129","30 NO. 1325/PD","","30.0","Longliners","Longline","13/10/2015","18/01/2017"
"FV06337","Fishing","BINA KAWAN SETIA - I","Indonesia","Indonesia","YE. 8233","29 NO. 630/PD","","29.0","Longliners","Longline","12/11/2015","30/11/2016"
"FV05792","Fishing","BINTANG BAHAGIA","Indonesia","Indonesia","YE. 4855","84 NO.678/HHA","","84.0","Longliners","Longline","03/07/2015","24/07/2016"
"FV06100","Fishing","BINTANG BAHARI","Indonesia","Indonesia","YEB. 5385","29 NO. 429/GE","","29.0","Longliners","Longline","17/06/2015","21/06/2016"
"FV06275","Fishing","BINTANG MAS - 5","Indonesia","Indonesia","YEB. 4201","27 NO. 1690/DA","","27.0","Longliners","Longline","25/05/2015","20/08/2016"
"FV05673","Fishing","BINTANG MUTIARA XVIII","Indonesia","Indonesia","YE. 4427","108 NO.2445/BC","","108.0","Longliners","Longline","15/05/2015","14/05/2016"
"FV05315","Fishing","BLUE DOLPHIN","South Africa","South Africa","ZR4747","CTA715","","91.0","Longliners","Longline","01/02/2016","31/01/2017"
"FV05747","Fishing","BLUE MISTRESS","New Zealand","New Zealand","ZMW4950","901126","","78.0","Multipurpose vessels","Longline,Troll","01/01/2016","31/12/2016"
"FV04564","Fishing","BONDANA","Spain","Spain","ECAU","UNKNOWN","9098610","372.0","Longliners","Longline","01/01/2016","31/12/2017"
"FV04537","Fishing","BOUSO","Spain","Spain","ECBD","UNKNOWN","9098622","267.9","Longliners","Longline","01/01/2016","31/12/2017"
"FV06032","Fishing","BRID VOYAGER","New Zealand","New Zealand","ZME3688","901204","","50.0","Longliners","Longline","01/01/2016","31/12/2016"
"FV06283","Fishing","CAHAYA BUANA","Indonesia","Indonesia","YEB 5640","29 NO. 1555/FP","","29.0","Longliners","Longline","10/08/2015","25/09/2016"
"FV06202","Fishing","CAHAYA MAKMUR I","Indonesia","Indonesia","YEB 5161","29 NO. 1334/PD","","29.0","Longliners","Longline","03/02/2016","18/02/2017"
"FV06318","Fishing","CAHAYA MUTIARA - 28","Indonesia","Indonesia","YEB 5135","63 NO. 1499/PD","","168.0","Longliners","Longline","29/06/2015","28/06/2016"
"FV06297","Fishing","CAPE CHALLANGER","South Africa","South Africa","ZR4802","CTA799","","148.7","Longliners","Longline","01/02/2016","31/01/2017"
"FV04502","Fishing","CARMEN","Portugal","Portugal","CUDA8","V-1090-C","","181.5","Longliners","Longline","01/01/2008","31/12/2020"
"FV04539","Fishing","CARMEN TERE","Spain","Spain","ECBC","UNKNOWN","9098608","353.4","Longliners","Longline","01/01/2016","31/12/2017"
"FV06314","Fishing","CELTIC ROSE","Australia","Australia","UNKNOWN","XBW","NONE","180.0","Pole and line vessels","Baitboat (Pole and Line)","19/02/2016","30/11/2016"
"FV06332","Fishing","CHEN HSING 188","Taiwan, Fishing Entity of","Taiwan, Fishing Entity of","BI2584","CT7-0584","8974532","575.0","Longliners","Longline","01/04/2016","30/09/2017"
"FV06330","Fishing","CHEN HSING 888","Taiwan, Fishing Entity of","Taiwan, Fishing Entity of","BI2557","CT7-0557","8947450","581.0","Longliners","Longline","01/04/2016","30/09/2017"
"FV00055","Fishing","CHIEN CHUAN 6","Taiwan, Fishing Entity of","Taiwan, Fishing Entity of","BH3037","CT6-1037","8749509","441.7","Longliners","Longline","01/04/2016","30/09/2017"
"FV04772","Fishing","CHIEN JUI 102","Taiwan, Fishing Entity of","Taiwan, Fishing Entity of","BZEZ","CT6-1004","8417065","436.3","Longliners","Longline","01/04/2016","30/09/2017"
"FV05770","Fishing","CHIEN TSAO 322","Taiwan, Fishing Entity of","Taiwan, Fishing Entity of","BVZF","CT6-1003","8417077","436.3","Longliners","Longline","01/04/2016","30/09/2017"
"FV00644","Fishing","CHIHO MARU 18","Japan","Japan","JPWO","1268","9291482","439.0","Longliners","Longline","01/04/2016","31/03/2017"
"FV00051","Fishing","CHIN CHANG LONG","Taiwan, Fishing Entity of","Taiwan, Fishing Entity of","BH3013","CT6-1013","8648212","363.0","Longliners","Longline","01/04/2016","30/09/2017"
"FV04472","Fishing","CHIN LIANG MEI","Taiwan, Fishing Entity of","Taiwan, Fishing Entity of","BH3021","CT6-1021","8648262","436.0","Longliners","Longline","01/04/2016","30/09/2017"
"FV01542","Fishing","CHIN SHENG WIN","Taiwan, Fishing Entity of","Taiwan, Fishing Entity of","BI2462","CT7-0462","8650667","564.0","Longliners","Longline","01/04/2016","30/09/2017"
"FV04930","Fishing","CHIU SHIH - 01","Indonesia","Indonesia","YEA. 5341","87 NO.512/PD","","87.0","Longliners","Longline","23/09/2015","06/10/2016"
"FV04931","Fishing","CHIU SHIH - 02","Indonesia","Indonesia","YEA. 5342","145 NO. 513/PD","","145.0","Longliners","Longline","16/09/2015","06/10/2016"
"FV04932","Fishing","CHIU SHIH - 8","Indonesia","Indonesia","YE. 4823","84 NO. 1140/PD","","84.0","Longliners","Longline","18/05/2015","15/07/2016"
"FV04933","Fishing","CHIU SHIH 05","Indonesia","Indonesia","YEA. 5338","88 NO. 611/PD","","88.0","Longliners","Longline","22/04/2015","28/05/2016"
"FV05775","Fishing","CHUN I 206","Taiwan, Fishing Entity of","Taiwan, Fishing Entity of","BI2421","CT7-0421","8746856","707.0","Longliners","Longline","01/04/2015","30/09/2016"
"FV06192","Fishing","CITERA SURYA NUSANTARA - V","Indonesia","Indonesia","YEB. 4997","29 NO. 5088/BC","","29.0","Longliners","Longline","10/08/2015","20/09/2016"
"FV06179","Fishing","CITRA NUSANTARA - V","Indonesia","Indonesia","YEB 4998","29 NO.218/BB","","29.0","Longliners","Longline","12/10/2015","11/11/2016"
"FV02202","Fishing","COASTAL ROVER","New Zealand","New Zealand","ZM9162","16104","","34.0","Longliners","Longline","01/01/2016","31/12/2016"
"FV05322","Fishing","COMMISSION","New Zealand","New Zealand","ZME2194","900998","","95.0","Multipurpose vessels","Longline,Troll","01/01/2016","31/12/2016"
"FV03934","Fishing","CONCHITA","New Zealand","New Zealand","ZMA3512","9038","","32.0","Multipurpose vessels","Unspecified Method","01/01/2016","31/12/2016"
"FV04544","Fishing","COSTA AZUL UNO","Spain","Spain","ECBU","UNKNOWN","9297620","364.1","Longliners","Longline","01/01/2016","31/12/2017"
"FV04518","Fishing","COSTA DE SAO JORGE","Portugal","Portugal","CUTN","PD-464-C","","319.0","Longliners","Longline","01/01/2008","31/12/2020"
"FV02634","Fishing","COSTA RICA C","New Zealand","New Zealand","ZMA2022","63176","","30.0","Multipurpose vessels","Multiple Gear Types","01/01/2016","31/12/2016"
"FV04546","Fishing","COYO CINCO","Spain","Spain","ECAW","UNKNOWN","8996592","281.0","Longliners","Longline","01/01/2016","31/12/2017"
"FV04547","Fishing","COYO SEPTIMO","Spain","Spain","ECHL","UNKNOWN","9338400","267.1","Longliners","Longline","01/01/2016","31/12/2017"
"FV06313","Fishing","COYO TERCERO","Spain","Spain","ECAN","UNKNOWN","9265304","186.1","Longliners","Longline","01/01/2016","31/12/2017"
"FV01403","Fishing","CRAIGMIN","Australia","Australia","UNKNOWN","W7M","","110.0","Multipurpose vessels","Unspecified Method","01/12/2015","30/11/2016"
"FV01271","Fishing","CYROAMA","Australia","Australia","UNKNOWN","LMO","8126173","192.0","Multipurpose vessels","Unspecified Method","01/12/2015","30/11/2016"
"FV06088","Fishing","DA SHENG","Taiwan, Fishing Entity of","Taiwan, Fishing Entity of","BH3030","CT6-1030","8417778","407.7","Longliners","Longline","01/04/2015","30/09/2016"
"FV06126","Fishing","DANCUS JAYA","Indonesia","Indonesia","YEB 5143","29 NO. 1125/PD","","29.0","Longliners","Longline","30/09/2015","22/12/2016"
"FV02310","Fishing","DANIELLE","New Zealand","New Zealand","ZM2764","32841","","70.0","Longliners","Longline","01/01/2016","31/12/2016"
"FV06079","Fishing","DAR LONG CHENG 288","Taiwan, Fishing Entity of","Taiwan, Fishing Entity of","BH3415","CT6-1415","8674728","256.0","Longliners","Longline","01/04/2015","30/09/2016"
"FV05951","Fishing","DAR LONG CHENG 378","Taiwan, Fishing Entity of","Taiwan, Fishing Entity of","BH3411","CT6-1411","9726657","255.0","Longliners","Longline","01/04/2015","30/09/2016"
"FV04503","Fishing","DAVID MALHEIROS","Portugal","Portugal","CUMA","PE-1984-C","","183.5","Longliners","Longline","01/01/2008","31/12/2020"
"FV05667","Fishing","DAYA BAHARI NUSANTARA 26","Indonesia","Indonesia","YEA. 4453","108 NO. 1135/PD","","108.0","Longliners","Longline","13/01/2016","03/02/2017"
"FV01272","Fishing","DELAMERE","Australia","Australia","UNKNOWN","LFB12585","8019978","146.0","Multipurpose vessels","Unspecified Method","01/12/2015","30/11/2016"
"FV04548","Fishing","DENVER","Spain","Spain","EAFV","UNKNOWN","9426518","308.7","Longliners","Longline","01/01/2016","31/12/2017"
"FV04549","Fishing","ECCE HOMO DIVINO","Spain","Spain","EAOJ","UNKNOWN","8959350","185.0","Longliners","Longline","01/01/2016","31/12/2017"
"FV04550","Fishing","ECCE HOMO GLORIOSO","Spain","Spain","ECBO","UNKNOWN","9339208","344.3","Longliners","Longline","01/01/2016","31/12/2017"
"FV01279","Fishing","EMPRIS LADY","Australia","Australia","UNKNOWN","LT9","8019954","171.0","Multipurpose vessels","Unspecified Method","01/12/2015","30/11/2016"
"FV02065","Fishing","EXOCET","New Zealand","New Zealand","ZMG2382","10852","","10.0","Multipurpose vessels","Longline,Troll","14/01/2016","31/12/2016"
"FV03289","Fishing","EXPATRIATE","New Zealand","New Zealand","ZM7614","7369","","25.0","Trollers","Troll","01/01/2016","31/12/2016"
"FV04767","Fishing","FARN SHUEN 1","Taiwan, Fishing Entity of","Taiwan, Fishing Entity of","BI2442","CT7-0442","8749078","778.0","Longliners","Longline","01/04/2016","30/09/2017"
"FV06304","Fishing","FELICIA - 88","Indonesia","Indonesia","YEB 5777","168 NO. 1237/PD","","168.0","Longliners","Longline","15/07/2015","14/07/2016"
"FV05886","Fishing","FENG KUO 888","Taiwan, Fishing Entity of","Taiwan, Fishing Entity of","BG3723","CT5-1723","8670019","198.0","Longliners","Longline","01/04/2016","30/09/2017"
"FV03427","Fishing","FIFTY SOUTH","New Zealand","New Zealand","ZME2503","86055","","43.0","Longliners","Longline","01/01/2016","31/12/2016"
"FV01285","Fishing","FINA K","Australia","Australia","UNKNOWN","LX6","8019916","207.0","Multipurpose vessels","Unspecified Method","01/12/2015","30/11/2016"
"FV00128","Fishing","FONG CHUN 136","Taiwan, Fishing Entity of","Taiwan, Fishing Entity of","BI2537","CT7-0537","8628640","526.0","Longliners","Longline","01/04/2016","30/09/2017"
"FV00129","Fishing","FONG CHUN 166","Taiwan, Fishing Entity of","Taiwan, Fishing Entity of","BI2538","CT7-0538","8749494","526.0","Longliners","Longline","01/04/2016","30/09/2017"
"FV00131","Fishing","FONG CHUN 36","Taiwan, Fishing Entity of","Taiwan, Fishing Entity of","BI2542","CT7-0542","8947319","531.0","Longliners","Longline","01/04/2016","30/09/2017"
"FV00087","Fishing","FONG CHUN 66","Taiwan, Fishing Entity of","Taiwan, Fishing Entity of","BH3332","CT6-1332","8628652","496.0","Longliners","Longline","01/04/2016","30/09/2017"
"FV04961","Fishing","FRANSISCA 8","Indonesia","Indonesia","YEA. 5239","149 NO. 596/PD","","149.0","Longliners","Longline","30/07/2015","28/06/2016"
"FV04116","Fishing","FU CHUN 128","Taiwan, Fishing Entity of","Taiwan, Fishing Entity of","BI2329","CT7-0329","8628664","719.0","Longliners","Longline","01/04/2016","30/09/2017"
"FV04775","Fishing","FU MAO NO.268","Taiwan, Fishing Entity of","Taiwan, Fishing Entity of","BI2594","CT7-0594","9395812","530.0","Longliners","Longline","01/04/2015","30/09/2016"
"FV00035","Fishing","FU YU","Taiwan, Fishing Entity of","Taiwan, Fishing Entity of","BH2916","CT6-0916","8655411","478.0","Longliners","Longline","01/04/2016","30/09/2017"
"FV05307","Fishing","FUH SHENG 11","Taiwan, Fishing Entity of","Taiwan, Fishing Entity of","BH2201","CT6-0201","8749315","379.5","Longliners","Longline","01/04/2016","30/09/2017"
"FV00509","Fishing","FUKUKYU MARU 32","Japan","Japan","JHWF","1218","8803989","409.0","Longliners","Longline","01/04/2016","31/03/2017"
"FV00507","Fishing","FUKUKYU MARU 38","Japan","Japan","JIZW","1219","9042738","409.0","Longliners","Longline","01/04/2016","31/03/2017"
"FV00506","Fishing","FUKUKYU MARU 51","Japan","Japan","JEDU","1220","9083603","439.0","Longliners","Longline","01/04/2016","31/03/2017"
"FV00505","Fishing","FUKUKYU MARU 7","Japan","Japan","JIRA","1223","8915005","409.0","Longliners","Longline","01/04/2016","31/03/2017"
"FV00284","Fishing","FUKUKYU MARU 8","Japan","Japan","JPVN","1217","9083598","424.0","Longliners","Longline","01/04/2016","31/03/2017"
"FV00522","Fishing","FUKURYU MARU 21","Japan","Japan","JJBJ","1221","9042740","409.0","Longliners","Longline","01/04/2016","31/03/2017"
"FV06076","Fishing","FUKUSEKI MARU 1","Japan","Japan","7JQH","1222","9700093","398.0","Longliners","Longline","01/04/2016","31/03/2017"
"FV00516","Fishing","FUKUSEKI MARU 15","Japan","Japan","JETU","1204","9238923","439.0","Longliners","Longline","01/04/2016","31/03/2017"
"FV00299","Fishing","FUKUSEKI MARU 3","Japan","Japan","JCND","1202","9250646","439.0","Longliners","Longline","01/04/2016","31/03/2017"
"FV00515","Fishing","FUKUSEKI MARU 31","Japan","Japan","JEFR","1206","9119050","379.0","Longliners","Longline","01/04/2016","31/03/2017"
"FV00521","Fishing","FUKUSEKI MARU 35","Japan","Japan","JPUU","1207","9279941","439.0","Longliners","Longline","01/04/2016","31/03/2017"
"FV00518","Fishing","FUKUSEKI MARU 7","Japan","Japan","JEKB","1203","9141223","379.0","Longliners","Longline","01/04/2016","31/03/2017"
"FV00387","Fishing","FUKUTOKU MARU 37","Japan","Japan","JQPE","T1059","9066904","379.0","Longliners","Longline","01/04/2016","31/03/2017"
"FV00386","Fishing","FUKUTOKU MARU 38","Japan","Japan","JBSX","T1060","9185360","379.0","Longliners","Longline","01/04/2016","31/03/2017"
"FV05871","Fishing","FUKUTOKU MARU 88","Japan","Japan","7JNP","T1058","9671711","398.0","Longliners","Longline","01/04/2016","31/03/2017"
"FV00350","Fishing","FUKUYO MARU 68","Japan","Japan","JQNK","1063","9057939","379.0","Longliners","Longline","01/04/2016","31/03/2017"
"FV04470","Fishing","FULL ALWAYS","Taiwan, Fishing Entity of","Taiwan, Fishing Entity of","BH3103","CT6-1103","8648133","419.2","Longliners","Longline","01/04/2016","30/09/2017"
"FV06333","Fishing","FULL KUO SHENG","Taiwan, Fishing Entity of","Taiwan, Fishing Entity of","BI2589","CT7-0589","8656790","630.0","Longliners","Longline","01/04/2016","30/09/2017"
"FV00083","Fishing","FULL LI HSIANG","Taiwan, Fishing Entity of","Taiwan, Fishing Entity of","BH3298","CT6-1298","9102693","477.0","Longliners","Longline","01/04/2016","30/09/2017"
"FV06253","Fishing","FULL SHINE 7","Taiwan, Fishing Entity of","Taiwan, Fishing Entity of","BH2821","CT6-0821","8649010","278.0","Longliners","Longline","01/04/2016","30/09/2017"
"FV04128","Fishing","GARRAWAY","New Zealand","New Zealand","ZM6583","32068","","80.0","Multipurpose vessels","Longline,Troll","01/01/2016","31/12/2016"
"FV04552","Fishing","GLACIAL","Spain","Spain","ECBZ","UNKNOWN","9372157","380.2","Longliners","Longline","01/01/2016","31/12/2017"
"FV04615","Fishing","GOLDEN EAGLE","South Africa","South Africa","ZR2504","HTB250","","140.5","Longliners","Longline","01/02/2016","31/01/2017"
"FV05515","Fishing","GOLDEN TUNA - 168","Indonesia","Indonesia","YEB 5179","80 NO. 1640/PD","","80.0","Longliners","Longline","02/12/2015","26/12/2016"
"FV05514","Fishing","GOLDEN TUNA - 88","Indonesia","Indonesia","YEB 5151","78 NO. 1575/PD","","78.0","Longliners","Longline","22/04/2015","14/06/2016"
"FV01292","Fishing","GRACIE P","Australia","Australia","VJ4873","LFB11897","","50.0","Longliners","Longline","01/12/2015","30/11/2016"
"FV04363","Fishing","GRETE","Australia","Australia","UNKNOWN","F819","","126.0","Multipurpose vessels","Unspecified Method","01/12/2015","30/11/2016"
"FV04785","Fishing","HAO CHING 101","Taiwan, Fishing Entity of","Taiwan, Fishing Entity of","BH3370","CT6-1370","8674871","350.0","Longliners","Longline","01/04/2016","30/09/2017"
"FV06176","Fishing","HASIL JAYA SEJATI","Indonesia","Indonesia","YEB 4843","29 NO.3106/BC","","29.0","Longliners","Longline","11/06/2015","30/08/2016"
"FV04519","Fishing","HEMISFERIO NORTE","Portugal","Portugal","CUEQ","A-3300-N","","350.0","Longliners","Longline","01/01/2008","31/12/2020"
"FV04520","Fishing","HEMISFERIO SUL","Portugal","Portugal","CUER","L-5-N","","350.0","Longliners","Longline","01/01/2008","31/12/2020"
"FV04975","Fishing","HEN - 6","Indonesia","Indonesia","YEC 4066","29 NO. 224/BB","","29.0","Longliners","Longline","03/12/2015","02/12/2016"
"FV04977","Fishing","HEN - 88","Indonesia","Indonesia","YEA. 4983","105 NO. 3128/BC","","105.0","Longliners","Longline","13/08/2015","20/06/2016"
"FV04553","Fishing","HERDUSA PRIMERO","Spain","Spain","EGQR","UNKNOWN","8411762","147.2","Longliners","Longline","01/01/2016","31/12/2017"
"FV06035","Fishing","HERMANOS LABAEN","Spain","Spain","EATL","UNKNOWN","9198800","149.0","Longliners","Longline","01/01/2016","31/12/2017"
"FV00531","Fishing","HINODE MARU 38","Japan","Japan","JHFK","1213","9311919","439.0","Longliners","Longline","01/04/2016","31/03/2017"
"FV06282","Fishing","HIROYOSHI - 7","Indonesia","Indonesia","YEA 5149","89 NO. 1747/PD","","89.0","Longliners","Longline","14/08/2015","13/08/2016"
"FV06084","Fishing","HO HSIN HSING 601","Taiwan, Fishing Entity of","Taiwan, Fishing Entity of","BG3740","CT5-1740","9723576","199.0","Longliners","Longline","01/04/2016","30/09/2017"
"FV00582","Fishing","HOMARE MARU 29","Japan","Japan","JETJ","1257","8921212","379.0","Longliners","Longline","01/04/2016","31/03/2017"
"FV05458","Fishing","HONG DA 1","Taiwan, Fishing Entity of","Taiwan, Fishing Entity of","BH3099","CT6-1099","8648632","411.4","Longliners","Longline","01/04/2016","30/09/2017"
"FV04795","Fishing","HONG IU 313","Taiwan, Fishing Entity of","Taiwan, Fishing Entity of","BH3340","CT6-1340","8648418","491.0","Longliners","Longline","01/04/2016","30/09/2017"
"FV00478","Fishing","HOSHIN MARU 62","Japan","Japan","JJCT","1187","9011351","409.0","Longliners","Longline","01/04/2016","31/03/2017"
"FV00500","Fishing","HOSHIN MARU 77","Japan","Japan","JNXW","1188","9020728","436.0","Longliners","Longline","01/04/2016","31/03/2017"
"FV06077","Fishing","HOSHIN MARU 78","Japan","Japan","7JQB","1186","9690303","439.0","Longliners","Longline","01/04/2016","31/03/2017"
"FV06303","Fishing","HOT SPOT","Australia","Australia","NIL","KK100S","NIL","6.5","Multipurpose vessels","Rod and Reel","29/12/2015","30/11/2016"
"FV04779","Fishing","HOU CHUN 1","Taiwan, Fishing Entity of","Taiwan, Fishing Entity of","BH3292","CT6-1292","8628444","489.0","Longliners","Longline","01/04/2016","30/09/2017"
"FV00074","Fishing","HSIANG FA 16","Taiwan, Fishing Entity of","Taiwan, Fishing Entity of","BH3236","CT6-1236","8674950","491.0","Longliners","Longline","01/04/2016","30/09/2017"
"FV00132","Fishing","HSIANG HSIN 6","Taiwan, Fishing Entity of","Taiwan, Fishing Entity of","BI2546","CT7-0546","8947400","531.0","Longliners","Longline","01/04/2016","30/09/2017"
"FV04783","Fishing","HSIANG MAN SHING","Taiwan, Fishing Entity of","Taiwan, Fishing Entity of","BI2515","CT7-0515","8655289","696.0","Longliners","Longline","01/04/2016","30/09/2017"
"FV06258","Fishing","HSIANG PERNG 212","Taiwan, Fishing Entity of","Taiwan, Fishing Entity of","BH3450","CT6-1450","NIL","336.0","Longliners","Longline","01/04/2015","30/09/2016"
"FV05772","Fishing","HSIEH TA","Taiwan, Fishing Entity of","Taiwan, Fishing Entity of","BH3239","CT6-1239","8648391","472.0","Longliners","Longline","01/04/2015","30/09/2016"
"FV06320","Fishing","HUNG CHUAN 232","Taiwan, Fishing Entity of","Taiwan, Fishing Entity of","BH3250","CT6-1250","8673475","472.0","Longliners","Longline","01/04/2016","30/09/2017"
"FV00111","Fishing","HUNG HWA 202","Taiwan, Fishing Entity of","Taiwan, Fishing Entity of","BI2373","CT7-0373","8431322","725.0","Longliners","Longline","01/04/2016","30/09/2017"
"FV06204","Fishing","HUNG JIE WEI 668","Taiwan, Fishing Entity of","Taiwan, Fishing Entity of","BH3421","CT6-1421","9740603","310.0","Longliners","Longline","01/04/2016","30/09/2017"
"FV06254","Fishing","HUNG JIE WEI 669","Taiwan, Fishing Entity of","Taiwan, Fishing Entity of","BH3437","CT6-1437","9759941","320.0","Longliners","Longline","01/04/2016","30/09/2017"
"FV00120","Fishing","HUNG JUNG 101","Taiwan, Fishing Entity of","Taiwan, Fishing Entity of","BI2479","CT7-0479","9108960","718.0","Longliners","Longline","01/04/2016","30/09/2017"
"FV06322","Fishing","HUNG RUNG 2","Taiwan, Fishing Entity of","Taiwan, Fishing Entity of","BH3401","CT6-1401","9676151","230.0","Longliners","Longline","01/04/2016","30/09/2017"
"FV00108","Fishing","HUNG SHING 212","Taiwan, Fishing Entity of","Taiwan, Fishing Entity of","BI2348","CT7-0348","8985359","722.0","Longliners","Longline","01/04/2016","30/09/2017"
"FV00067","Fishing","HWA HUNG 202","Taiwan, Fishing Entity of","Taiwan, Fishing Entity of","BH3091","CT6-1091","8648729","370.8","Longliners","Longline","01/04/2016","30/09/2017"
"FV04319","Fishing","ICHI","New Zealand","New Zealand","ZME2183","900828","","86.0","Longliners","Longline","01/01/2016","31/12/2016"
"FV04521","Fishing","ILHA BRAVA","Portugal","Portugal","CSPI","L-3-N","","453.0","Longliners","Longline","01/01/2008","31/12/2020"
"FV04555","Fishing","ILLA GAVEIRA","Spain","Spain","ECCE","UNKNOWN","9098268","378.3","Longliners","Longline","01/01/2016","31/12/2017"
"FV01295","Fishing","INDEPENDENCE","Australia","Australia","UNKNOWN","LXF","8104060","269.0","Multipurpose vessels","Unspecified Method","04/01/2016","30/11/2016"
"FV04364","Fishing","INDIRA JEAN","Australia","Australia","UNKNOWN","FWGA-T","","180.0","Multipurpose vessels","Unspecified Method","01/12/2015","30/11/2016"
"FV04504","Fishing","INFANTE DOM HENRIQUE","Portugal","Portugal","CUAB","LG-1334-C","","225.0","Longliners","Longline","01/01/2008","31/12/2020"
"FV06191","Fishing","INTAN LAUT - II","Indonesia","Indonesia","YEB. 5520","28 NO.2489/BC","","28.0","Longliners","Longline","11/02/2015","24/04/2016"
"FV04616","Fishing","INTERSEA 22","South Africa","South Africa","ZR6446","CTA746","","126.3","Longliners","Longline","01/02/2016","31/01/2017"
"FV05984","Fishing","IRVINGA","New Zealand","New Zealand","ZMMA","901187","","90.4","Trawlers","Mid-water Trawl","01/01/2016","31/12/2016"
"FV02629","Fishing","JACOB","New Zealand","New Zealand","ZM2007","63150","","10.0","Multipurpose vessels","Unspecified Method","01/01/2016","31/12/2016"
"FV00125","Fishing","JAIN HSUAN 202","Taiwan, Fishing Entity of","Taiwan, Fishing Entity of","BI2507","CT7-0507","8649694","514.0","Longliners","Longline","01/04/2016","30/09/2017"
"FV02256","Fishing","JAY CATHERINE","New Zealand","New Zealand","ZM8696","2082","","80.8","Longliners","Longline","01/01/2016","31/12/2016"
"FV04793","Fishing","JIN FONG SHUUN","Taiwan, Fishing Entity of","Taiwan, Fishing Entity of","BH3276","CT6-1276","8651128","497.0","Longliners","Longline","01/04/2016","30/09/2017"
"FV04794","Fishing","JIN HWEI SHIANG","Taiwan, Fishing Entity of","Taiwan, Fishing Entity of","BH3275","CT6-1275","8651130","497.0","Longliners","Longline","01/04/2016","30/09/2017"
"FV06255","Fishing","JIN JAAN SHYANG 3","Taiwan, Fishing Entity of","Taiwan, Fishing Entity of","BH3439","CT6-1439","9765287","298.0","Longliners","Longline","01/04/2016","30/09/2017"
"FV05774","Fishing","JIN YI SHIANG","Taiwan, Fishing Entity of","Taiwan, Fishing Entity of","BZFD","CT6-1011","8628561","363.7","Longliners","Longline","01/04/2015","30/09/2016"
"FV06324","Fishing","JIN YUAN","Taiwan, Fishing Entity of","Taiwan, Fishing Entity of","BH3454","CT6-1454","9767194","298.0","Longliners","Longline","01/04/2016","30/09/2017"
"FV06220","Fishing","JO WEN","Taiwan, Fishing Entity of","Taiwan, Fishing Entity of","BH3428","CT6-1428","9751482","241.0","Longliners","Longline","01/04/2016","30/09/2017"
"FV05768","Fishing","JOHO","Taiwan, Fishing Entity of","Taiwan, Fishing Entity of","BG3698","CT5-1698","9643568","198.0","Longliners","Longline","01/04/2016","30/09/2017"
"FV06325","Fishing","JUI DER 112","Taiwan, Fishing Entity of","Taiwan, Fishing Entity of","BH3460","CT6-1460","9783021","270.0","Longliners","Longline","01/04/2016","30/09/2017"
"FV00062","Fishing","JUI DER 16","Taiwan, Fishing Entity of","Taiwan, Fishing Entity of","BH3070","CT6-1070","8674730","406.9","Longliners","Longline","01/04/2016","30/09/2017"
"FV06205","Fishing","KAIGATA MARU 128","Japan","Japan","7JRE","T1026","9709831","479.0","Longliners","Longline","01/04/2016","31/03/2017"
"FV00300","Fishing","KAIGATA MARU 86","Japan","Japan","JPSZ","T1028","9033610","409.0","Longliners","Longline","01/04/2016","31/03/2017"
"FV00237","Fishing","KAIYO MARU 35","Japan","Japan","JMXY","1004","8809309","379.0","Longliners","Longline","01/04/2016","31/03/2017"
"FV00656","Fishing","KAIYO MARU 58","Japan","Japan","JDIS","1009","9072783","409.0","Longliners","Longline","01/04/2016","31/03/2017"
"FV05771","Fishing","KAO FENG 101","Taiwan, Fishing Entity of","Taiwan, Fishing Entity of","BI2403","CT7-0403","8749420","704.0","Longliners","Longline","01/04/2015","30/09/2016"
"FV00091","Fishing","KAO FONG 372","Taiwan, Fishing Entity of","Taiwan, Fishing Entity of","BH3343","CT6-1343","8749377","421.0","Longliners","Longline","01/04/2015","30/09/2016"
"FV05387","Fishing","KARINA B","New Zealand","New Zealand","ZMA4672","901049","","100.0","Multipurpose vessels","Longline,Troll","01/01/2016","31/12/2016"
"FV03961","Fishing","KATRINA","New Zealand","New Zealand","ZM3228","9215","","29.0","Longliners","Longline","01/01/2016","31/12/2016"
"FV00641","Fishing","KATSUEI MARU 78","Japan","Japan","JNOR","1287","9004293","379.0","Longliners","Longline","01/04/2016","31/03/2017"
"FV00643","Fishing","KATSUEI MARU 88","Japan","Japan","JDXT","1288","9172973","409.0","Longliners","Longline","01/04/2016","31/03/2017"
"FV00043","Fishing","KIEN CHANG 33","Taiwan, Fishing Entity of","Taiwan, Fishing Entity of","BH2978","CT6-0978","8749535","430.0","Longliners","Longline","01/04/2016","30/09/2017"
"FV04461","Fishing","KINEI MARU 158","Japan","Japan","7JCB","1021","9488231","439.0","Longliners","Longline","01/04/2016","31/03/2017"
"FV00256","Fishing","KINEI MARU 53","Japan","Japan","JBAS","1015","9189031","469.0","Longliners","Longline","01/04/2016","31/03/2017"
"FV00258","Fishing","KINEI MARU 81","Japan","Japan","JBAD","1014","9125322","409.0","Longliners","Longline","01/04/2016","31/03/2017"
"FV00537","Fishing","KINEI MARU 85","Japan","Japan","JPUQ","1017","9287364","439.0","Longliners","Longline","01/04/2016","31/03/2017"
"FV04367","Fishing","KINGFISH 1","Australia","Australia","UNKNOWN","O619","","0.0","Multipurpose vessels","Unspecified Method","01/12/2015","30/11/2016"
"FV03981","Fishing","KINGFISHER","New Zealand","New Zealand","ZM3820","9363","","55.0","Longliners","Longline","01/01/2016","31/12/2016"
"FV00653","Fishing","KINSAI MARU 68","Japan","Japan","JDXV","1296","9185358","396.0","Longliners","Longline","01/04/2016","31/03/2017"
"FV04344","Fishing","KOBUS","New Zealand","New Zealand","ZME2185","900869","","169.0","Multipurpose vessels","Unspecified Method","01/01/2016","31/12/2016"
"FV00639","Fishing","KOEI MARU 1","Japan","Japan","JIQG","1272","9258064","399.0","Longliners","Longline","01/04/2016","31/03/2017"
"FV00669","Fishing","KOEI MARU 88","Japan","Japan","JDNP","1274","9128714","395.0","Longliners","Longline","01/04/2016","31/03/2017"
"FV03217","Fishing","KORU II","New Zealand","New Zealand","ZMA3668","66139","","30.0","Multipurpose vessels","Multiple Gear Types","01/01/2016","31/12/2016"
"FV00211","Fishing","KOSHIN MARU 7","Japan","Japan","JLVW","1047","9073397","435.0","Longliners","Longline","01/04/2016","31/03/2017"
"FV00530","Fishing","KOTOSHIRO MARU 18","Japan","Japan","JKEB","1200","8909616","393.0","Longliners","Longline","01/04/2016","31/03/2017"
"FV00529","Fishing","KOTOSHIRO MARU 58","Japan","Japan","JIOU","1201","8821187","379.0","Longliners","Longline","01/04/2016","31/03/2017"
"FV05872","Fishing","KOVA","Korea, Republic of","Korea, Republic of","6KCC3","1303001-6261107","8415835","440.0","Longliners","Longline","12/03/2013","11/03/2018"
"FV00305","Fishing","KOYO MARU 1","Japan","Japan","JQMW","1071","9047984","390.0","Longliners","Longline","01/04/2016","31/03/2017"
"FV00467","Fishing","KOYO MARU 6","Japan","Japan","JRRD","1181","9004384","439.0","Longliners","Longline","01/04/2016","31/03/2017"
"FV05306","Fishing","KUANG LI","Taiwan, Fishing Entity of","Taiwan, Fishing Entity of","BH3221","CT6-1221","8653061","462.0","Longliners","Longline","01/04/2015","30/09/2016"
"FV06251","Fishing","KUANG YING","Taiwan, Fishing Entity of","Taiwan, Fishing Entity of","BH3145","CT6-1145","8648420","315.0","Longliners","Longline","01/04/2016","30/09/2017"
"FV02516","Fishing","LADY HAMILTON","New Zealand","New Zealand","ZM6955","5861","","51.0","Multipurpose vessels","Multiple Gear Types","01/01/2016","31/12/2016"
"FV02254","Fishing","LADY RUTH","New Zealand","New Zealand","ZM4855","2077","","45.3","Multipurpose vessels","Multiple Gear Types","01/01/2016","31/12/2016"
"FV04368","Fishing","LASTOVO S","Australia","Australia","UNKNOWN","O830","","58.0","Multipurpose vessels","Unspecified Method","01/12/2015","30/11/2016"
"FV06326","Fishing","LI HSIANG","Taiwan, Fishing Entity of","Taiwan, Fishing Entity of","BH3467","CT6-1467","9802944","298.0","Longliners","Longline","01/04/2016","30/09/2017"
"FV00089","Fishing","LIAN HORNG 67","Taiwan, Fishing Entity of","Taiwan, Fishing Entity of","BH3339","CT6-1339","8749133","496.0","Longliners","Longline","01/04/2016","30/09/2017"
"FV00133","Fishing","LIAN HORNG 777","Taiwan, Fishing Entity of","Taiwan, Fishing Entity of","BI2547","CT7-0547","8947383","531.0","Longliners","Longline","01/04/2016","30/09/2017"
"FV06080","Fishing","LIEN CHING YU 127","Taiwan, Fishing Entity of","Taiwan, Fishing Entity of","BH3229","CT6-1229","8674833","424.0","Longliners","Longline","01/04/2015","30/09/2016"
"FV01434","Fishing","LUCKY S","Australia","Australia","UNKNOWN","LTB","8120363","174.0","Multipurpose vessels","Unspecified Method","01/12/2015","30/11/2016"
"FV04370","Fishing","LUKINA","Australia","Australia","UNKNOWN","P19","9240237","127.0","Multipurpose vessels","Unspecified Method","01/12/2015","30/11/2016"
"FV04655","Fishing","LUKINA I","Australia","Australia","VHS6277","O561","8416827","634.0","Purse seiners","Purse Seine","07/01/2016","30/11/2016"
"FV05750","Fishing","MAGUS","New Zealand","New Zealand","ZMW4843","901128","","93.0","Longliners","Unspecified Method","01/01/2016","31/12/2016"
"FV04560","Fishing","MAICOA TRES","Spain","Spain","ECBL","UNKNOWN","9249946","383.4","Longliners","Longline","01/01/2016","31/12/2017"
"FV06013","Fishing","MAINSTREAM","New Zealand","New Zealand","ZMAK","62914","","4 407.0","Trawlers","Mid-water Trawl","01/01/2016","31/12/2016"
"FV04023","Fishing","MAKYBE BJ","Australia","Australia","UNKNOWN","O630","NONE","310.0","Purse seiners","Purse Seine","15/01/2016","30/11/2016"
"FV05873","Fishing","MAN AN","Taiwan, Fishing Entity of","Taiwan, Fishing Entity of","BG3725","CT5-1725","8672926","198.0","Longliners","Longline","01/04/2016","30/09/2017"
"FV04563","Fishing","MAR ARAL","Spain","Spain","EAQJ","UNKNOWN","9297644","346.5","Longliners","Longline","01/01/2016","31/12/2017"
"FV04522","Fishing","MAR DE JAVA","Portugal","Portugal","CUIB6","V-26-N","","399.0","Longliners","Longline","01/01/2008","31/12/2020"
"FV04565","Fishing","MAR DO ROSTRO","Spain","Spain","ECLV","UNKNOWN","9486063","264.0","Longliners","Longline","01/01/2016","31/12/2017"
"FV04523","Fishing","MAR LARGO","Portugal","Portugal","CUOA","PE-2078-N","","332.0","Longliners","Longline","08/04/2010","31/12/2020"
"FV04505","Fishing","MAR PORTUGUÃŠS","Portugal","Portugal","CUHB9","PE-2191-C","","225.0","Longliners","Longline","01/01/2008","31/12/2020"
"FV04566","Fishing","MARAL","Spain","Spain","EFGQ","UNKNOWN","8812083","142.1","Longliners","Longline","01/01/2016","31/12/2017"
"FV03385","Fishing","MAREWA","New Zealand","New Zealand","ZMNH","8260","","26.0","Longliners","Longline","01/01/2016","31/12/2016"
"FV01440","Fishing","MARIA LUISA","Australia","Australia","UNKNOWN","W1J","7328970","390.0","Multipurpose vessels","Purse Seine","01/12/2015","30/11/2016"
"FV04506","Fishing","MARIA TEIXEIRA","Portugal","Portugal","CULV","A-3543-C","","196.8","Longliners","Longline","01/01/2008","31/12/2020"
"FV04439","Fishing","MARKANE","Australia","Australia","UNKNOWN","M153","9302396","328.0","Multipurpose vessels","Unspecified Method","01/12/2015","30/11/2016"
"FV00741","Fishing","MATARIKI II","New Zealand","New Zealand","ZM2579","32723","","295.0","Purse seiners","Purse Seine","01/01/2016","31/12/2016"
"FV00684","Fishing","MATSUEI MARU 2","Japan","Japan","JHGQ","1280","8614998","379.0","Longliners","Longline","01/04/2016","31/03/2017"
"FV00681","Fishing","MATSUEI MARU 28","Japan","Japan","JDYA","1283","9185724","439.0","Longliners","Longline","01/04/2016","31/03/2017"
"FV00686","Fishing","MATSUEI MARU 3","Japan","Japan","JNQB","1282","9020792","409.0","Longliners","Longline","01/04/2016","31/03/2017"
"FV00683","Fishing","MATSUEI MARU 5","Japan","Japan","JMNK","1281","9041708","409.0","Longliners","Longline","01/04/2016","31/03/2017"
"FV00636","Fishing","MATSUFUKU MARU 18","Japan","Japan","JDPC","1303","9201097","379.0","Longliners","Longline","01/04/2016","31/03/2017"
"FV00649","Fishing","MATSUFUKU MARU 28","Japan","Japan","7KYG","1302","8820511","453.0","Longliners","Longline","01/04/2016","31/03/2017"
"FV00056","Fishing","MENG FA 312","Taiwan, Fishing Entity of","Taiwan, Fishing Entity of","BH3038","CT6-1038","8648767","394.9","Longliners","Longline","01/04/2015","30/09/2016"
"FV05469","Fishing","MENG FA 316","Taiwan, Fishing Entity of","Taiwan, Fishing Entity of","BI2587","CT7-0587","8961494","625.0","Longliners","Longline","01/04/2016","30/09/2017"
"FV00057","Fishing","MENG FA 322","Taiwan, Fishing Entity of","Taiwan, Fishing Entity of","BH3039","CT6-1039","8648779","394.9","Longliners","Longline","01/04/2015","30/09/2016"
"FV06295","Fishing","MERIDIAN 1","New Zealand","New Zealand","ZMPR","62858","8838520","4 407.0","Trawlers","Mid-water Trawl,Troll,Unspecified Trawl","01/01/2016","31/12/2016"
"FV04371","Fishing","MICHELLE","Australia","Australia","VHS2473","P26","","100.0","Multipurpose vessels","Unspecified Method","05/02/2016","30/11/2016"
"FV04524","Fishing","MIGUEL SANTOS","Portugal","Portugal","CUMD","PE-2081-N","","332.0","Longliners","Longline","01/01/2008","31/12/2020"
"FV06132","Fishing","MITRA JAYA BERSAMA - I","Indonesia","Indonesia","YEB. 4438","16 NO. 93/BB","","16.0","Longliners","Longline","02/09/2015","11/09/2016"
"FV06131","Fishing","MITRA JAYA BERSAMA - III","Indonesia","Indonesia","YEB. 4440","27 NO. 95/BB","","27.0","Longliners","Longline","12/11/2015","10/12/2016"
"FV06130","Fishing","MITRA JAYA BERSAMA - V","Indonesia","Indonesia","YEB. 4441","27 NO. 96/BB","","27.0","Longliners","Longline","12/11/2015","10/12/2016"
"FV06129","Fishing","MITRA JAYA BERSAMA - VIII","Indonesia","Indonesia","YEB. 4454","28 NO. 97/BB","","28.0","Longliners","Longline","12/11/2015","10/12/2016"
"FV01446","Fishing","MONIKA","Australia","Australia","UNKNOWN","LX5","8019904","204.0","Multipurpose vessels","Unspecified Method","01/12/2015","30/11/2016"
"FV04507","Fishing","MONSERRATE","Portugal","Portugal","CUBZ5","PV-277-C","","238.3","Longliners","Longline","01/01/2008","31/12/2020"
"FV06136","Fishing","MUARA TUNA RAYA","Indonesia","Indonesia","YEA. 5953","16 NO. 734/PD","","16.0","Longliners","Longline","03/03/2015","14/06/2016"
"FV05911","Fishing","MUTIARA - 10","Indonesia","Indonesia","YEB 5108","56 NO.1944/PD","","56.0","Longliners","Longline","06/01/2016","05/01/2017"
"FV05912","Fishing","MUTIARA - 11","Indonesia","Indonesia","YEB 5109","59 NO.1925/PD","","59.0","Longliners","Longline","06/01/2016","05/01/2017"
"FV06167","Fishing","MUTIARA - 2","Indonesia","Indonesia","YEB. 4428","27 NO. 3703/BC","","27.0","Longliners","Longline","23/03/2015","27/04/2016"
"FV06170","Fishing","MUTIARA - 6","Indonesia","Indonesia","YEB. 5102","29 NO. 1289/PD","","29.0","Longliners","Longline","27/08/2015","12/09/2016"
"FV06171","Fishing","MUTIARA - 7","Indonesia","Indonesia","YEB. 5103","29 NO. 1298/PD","","29.0","Longliners","Longline","27/08/2015","12/10/2016"
"FV05870","Fishing","MUTIARA - 9","Indonesia","Indonesia","YEB.5101","49 NO. 1489/PD","","49.0","Longliners","Longline","16/01/2016","15/01/2017"
"FV06166","Fishing","MUTIARA 1","Indonesia","Indonesia","YEB. 4427","27 NO. 3675/BC","","27.0","Longliners","Longline","23/03/2015","27/04/2016"
"FV06168","Fishing","MUTIARA 3","Indonesia","Indonesia","YEB. 4429","27 NO. 3693/BC","","27.0","Longliners","Longline","23/03/2015","27/04/2016"
"FV06169","Fishing","MUTIARA 5","Indonesia","Indonesia","YEB. 5126","29 NO. 1261/PD","","29.0","Longliners","Longline","09/04/2015","22/06/2016"
"FV06172","Fishing","MUTIARA 8","Indonesia","Indonesia","YEB. 5127","30 NO. 1401/PD","","30.0","Longliners","Longline","10/04/2015","02/05/2016"
"FV00292","Fishing","MYOJIN MARU 3","Japan","Japan","JRRF","1056","9004396","379.0","Longliners","Longline","01/04/2016","31/03/2017"
"FV00293","Fishing","MYOJIN MARU 8","Japan","Japan","JIJL","1057","8921250","439.0","Longliners","Longline","01/04/2016","31/03/2017"
"FV06272","Fishing","NAGA MAS PERKASA - 17","Indonesia","Indonesia","YEB. 5348","30 NO. 590/NA","","30.0","Longliners","Longline","23/04/2015","15/06/2016"
"FV06074","Fishing","NAGA MAS PERKASA - 19","Indonesia","Indonesia","YEB 4842","29 NO. 4759/BC","","29.0","Longliners","Longline","14/12/2015","24/02/2017"
"FV06278","Fishing","NAGA MAS PERKASA - 20","Indonesia","Indonesia","YEB 5761","29 NO. 1106/FT","","29.0","Longliners","Longline","24/04/2015","15/06/2016"
"FV06154","Fishing","NAGA MAS PERKASA - 57","Indonesia","Indonesia","YEB 5729","29 NO. 954/NA","","29.0","Longliners","Longline","14/12/2015","17/01/2017"
"FV06155","Fishing","NAGA MAS PERKASA - 58","Indonesia","Indonesia","YEB 5730","29 NO. 955/NA","","29.0","Longliners","Longline","14/12/2015","17/01/2017"
"FV06049","Fishing","NAGA MAS PERKASA - II","Indonesia","Indonesia","YEB 5346","28 NO.1138/PD","","28.0","Longliners","Longline","24/04/2015","23/06/2016"
"FV06050","Fishing","NAGA MAS PERKASA - III","Indonesia","Indonesia","YEB 5347","29 NO.1146/NA","","29.0","Longliners","Longline","24/04/2015","23/06/2016"
"FV06075","Fishing","NAGA MAS PERKASA - IX","Indonesia","Indonesia","YEB 5728","30 NO. 1318/PD","","30.0","Longliners","Longline","14/12/2015","11/01/2017"
"FV06048","Fishing","NAGA MAS PERKASA - VII","Indonesia","Indonesia","YEB 5727","28 NO. 1282/PD","","28.0","Longliners","Longline","12/10/2015","23/10/2016"
"FV06157","Fishing","NAGA MAS PERKASA - XII","Indonesia","Indonesia","YEB 5740","30 NO. 1330/NA","","30.0","Longliners","Longline","14/12/2015","03/02/2017"
"FV04372","Fishing","NANSI","Australia","Australia","UNKNOWN","O661","","281.0","Multipurpose vessels","Unspecified Method","01/12/2015","30/11/2016"
"FV06047","Fishing","NIKITA","Indonesia","Indonesia","YEB. 4858","28 NO. 1391/BC","","28.0","Longliners","Longline","24/04/2015","21/06/2016"
"FV00136","Fishing","NO.216 DONGWON","Korea, Republic of","Korea, Republic of","6NMK","9510075-6260005","8843094","408.0","Longliners","Longline","19/05/2011","21/09/2020"
"FV06236","Fishing","NO.637 DONG WON","Korea, Republic of","Korea, Republic of","DTBW8","0910001-6261101","9032991","251.0","Longliners","Longline","10/11/2014","09/11/2019"
"FV05983","Fishing","NO.638 DONG WON","Korea, Republic of","Korea, Republic of","DTBW9","0910002-6261100","9016399","250.0","Longliners","Longline","10/11/2014","09/11/2019"
"FV06036","Fishing","NO.639 DONGWON","Korea, Republic of","Korea, Republic of","6KCA","1203001-6261109","9011167","266.0","Longliners","Longline","13/02/2014","28/03/2017"
"FV06271","Fishing","NO.805 ORYONG","Korea, Republic of","Korea, Republic of","6KAI","1507002-6261408","9178587","651.0","Longliners","Longline","01/08/2015","31/07/2020"
"FV06308","Fishing","NORUEGO","Spain","Spain","EAFE","UNKNOWN","8649486","101.1","Longliners","Longline","01/01/2016","31/12/2017"
"FV04525","Fishing","NOVO RUIVO","Portugal","Portugal","CUIA6","V-25-N","","481.0","Longliners","Longline","01/01/2008","31/12/2020"
"FV04573","Fishing","NOVO XEIXAL","Spain","Spain","EANM","UNKNOWN","9148685","178.0","Longliners","Longline","01/01/2016","31/12/2017"
"FV04575","Fishing","NUEVO JOSMARU","Spain","Spain","EAOS","UNKNOWN","9221451","254.8","Longliners","Longline","01/01/2016","31/12/2017"
"FV04577","Fishing","NUEVO PLEAMAR","Spain","Spain","ECBM","UNKNOWN","9329057","359.8","Longliners","Longline","01/01/2016","31/12/2017"
"FV04579","Fishing","O'COVELO","Spain","Spain","EDXO","UNKNOWN","8601886","130.4","Longliners","Longline","01/01/2016","31/12/2017"
"FV05634","Fishing","OCEAN DAWN","New Zealand","New Zealand","ZMSL","63345","","1 899.0","Trawlers","Mid-water Trawl","01/01/2016","31/12/2016"
"FV01469","Fishing","OCEAN DYNASTY","Australia","Australia","UNKNOWN","LFB10575","8003618","188.0","Purse seiners","Purse Seine","01/12/2015","30/11/2016"
"FV03314","Fishing","OCEANA","New Zealand","New Zealand","ZM6847","7556","","30.6","Longliners","Longline","01/01/2016","31/12/2016"
"FV05763","Fishing","OCEANA ROCKET","South Africa","South Africa","ZR2530","CTA151","","83.6","Longliners","Longline","01/02/2016","31/01/2017"
"FV04374","Fishing","OLIVE SKYE","Australia","Australia","UNKNOWN","O691","9240225","260.0","Multipurpose vessels","Unspecified Method","01/12/2015","30/11/2016"
"FV00145","Fishing","ORYONG NO.353","Korea, Republic of","Korea, Republic of","DTAN3","9704003-6260000","8703440","386.0","Longliners","Longline","11/04/2012","10/04/2017"
"FV00146","Fishing","ORYONG NO.355","Korea, Republic of","Korea, Republic of","DTBK6","0205002-6260008","8804062","380.0","Longliners","Longline","17/05/2012","16/05/2017"
"FV04458","Fishing","ORYONG NO.373","Korea, Republic of","Korea, Republic of","DTBU4","0709001-6261108","9159139","441.0","Longliners","Longline","07/09/2012","06/09/2017"
"FV04493","Fishing","ORYONG NO.801","Korea, Republic of","Korea, Republic of","DTBU7","0805001-6261104","8909604","387.0","Longliners","Longline","09/06/2013","08/06/2018"
"FV04527","Fishing","PARALELO","Portugal","Portugal","CUOY","A-3239-C","","221.0","Longliners","Longline","01/01/2008","31/12/2020"
"FV03898","Fishing","PATRIARCH","New Zealand","New Zealand","ZM3092","900656","","70.0","Trollers","Troll","01/01/2016","31/12/2016"
"FV06317","Fishing","PATRICIA NORES","Spain","Spain","EDHP","UNKNOWN","8120521","665.0","Trawlers","Mid-water Trawl","01/01/2016","31/12/2017"
"FV04508","Fishing","PAULA FILIPA","Portugal","Portugal","CUHE 7","PE-2139-C","","197.0","Longliners","Longline","01/01/2008","31/12/2020"
"FV06334","Fishing","PELAGIC","Australia","Australia","VZ54640","S233","","18.0","Other liners","Handline","04/04/2016","30/11/2016"
"FV06197","Fishing","PELANGI","Indonesia","Indonesia","YEB 4839","29 NO.1055/DDA","","29.0","Longliners","Longline","12/08/2015","09/10/2016"
"FV06042","Fishing","PELANGI SAMUDRA - 3","Indonesia","Indonesia","YEB. 4916","29 NO.4737/BC","","29.0","Longliners","Longline","24/05/2015","13/06/2016"
"FV06041","Fishing","PELANGI SAMUDRA 2","Indonesia","Indonesia","YEB 4461","29 NO. 4738/BC","","29.0","Longliners","Longline","24/03/2015","07/05/2016"
"FV06137","Fishing","PERINTIS JAYA - 11","Indonesia","Indonesia","YEA 5995","14 NO.1807/PD","","14.0","Longliners","Longline","03/03/2015","07/05/2016"
"FV06138","Fishing","PERINTIS JAYA - 12","Indonesia","Indonesia","YEA 5304","28 NO. 1808/PD","","28.0","Longliners","Longline","03/03/2015","07/05/2016"
"FV06043","Fishing","PERINTIS JAYA - 21","Indonesia","Indonesia","YEA 4721","28 NO. 1816/PD","","28.0","Longliners","Longline","03/03/2015","20/05/2016"
"FV06140","Fishing","PERINTIS JAYA - 25","Indonesia","Indonesia","YEA 5326","28 NO. 1809/PD","","28.0","Longliners","Longline","03/03/2015","20/05/2016"
"FV06141","Fishing","PERINTIS JAYA - 26","Indonesia","Indonesia","YEA 4551","28 NO. 1817/PD","","28.0","Longliners","Longline","03/03/2015","20/05/2016"
"FV06044","Fishing","PERINTIS JAYA - 27","Indonesia","Indonesia","YEA 4673","28 NO. 1818/PD","","28.0","Longliners","Longline","03/03/2015","20/05/2016"
"FV06148","Fishing","PERINTIS JAYA - 273","Indonesia","Indonesia","YEA 5936","30 NO. 1810/PD","","29.0","Longliners","Longline","03/03/2015","07/05/2016"
"FV06142","Fishing","PERINTIS JAYA - 28","Indonesia","Indonesia","YEA 4710","28 NO. 1819/PD","","28.0","Longliners","Longline","03/03/2015","20/05/2016"
"FV06143","Fishing","PERINTIS JAYA - 31","Indonesia","Indonesia","UNKNOWN","29 NO. 1864/PD","","29.0","Longliners","Longline","30/06/2015","24/09/2016"
"FV06045","Fishing","PERINTIS JAYA - 37","Indonesia","Indonesia","UNKNOWN","30 NO. 1865/PD","","30.0","Longliners","Longline","30/06/2015","24/09/2016"
"FV06269","Fishing","PERINTIS JAYA - 38","Indonesia","Indonesia","YEB. 5473","29 NO. 2129/PD","","29.0","Longliners","Longline","23/04/2015","21/07/2016"
"FV06144","Fishing","PERINTIS JAYA - 46","Indonesia","Indonesia","YEB 5468","30 NO. 1866/PD","","30.0","Longliners","Longline","30/06/2015","24/09/2016"
"FV06246","Fishing","PERINTIS JAYA - 47","Indonesia","Indonesia","YEB. 5469","GT. 29 NO. 2077/PD","","29.0","Longliners","Longline","15/07/2014","15/07/2016"
"FV06274","Fishing","PERINTIS JAYA - 49","Indonesia","Indonesia","YEB 5470","29 NO. 2078/PD","","29.0","Longliners","Longline","04/01/2016","15/07/2016"
"FV06145","Fishing","PERINTIS JAYA - 66","Indonesia","Indonesia","UNKNOWN","30 NO. 521/NA","","30.0","Longliners","Longline","01/07/2015","07/10/2016"
"FV05657","Fishing","PERINTIS JAYA - 68","Indonesia","Indonesia","YEA. 4312","118 NO.1517/PD","","118.0","Longliners","Longline","26/06/2015","25/06/2016"
"FV06046","Fishing","PERINTIS JAYA - 88","Indonesia","Indonesia","UNKNOWN","30 NO.1286/PD","","30.0","Longliners","Longline","30/06/2015","22/09/2016"
"FV06135","Fishing","PERINTIS JAYA - 9","Indonesia","Indonesia","YEB 5462","23 NO. 451/NA","","23.0","Longliners","Longline","07/05/2015","05/08/2016"
"FV06147","Fishing","PERINTIS JAYA - 98","Indonesia","Indonesia","YEB. 5472","29 NO. 594/NA","","29.0","Longliners","Longline","03/03/2015","20/05/2016"
"FV05692","Fishing","PERINTIS JAYA - VII","Indonesia","Indonesia","YEA.4387","127 NO.2133/BC","","127.0","Longliners","Longline","20/10/2015","21/12/2016"
"FV04585","Fishing","PICO TRESMARES","Spain","Spain","EBYC","UNKNOWN","9098658","357.0","Longliners","Longline","01/01/2016","31/12/2017"
"FV04588","Fishing","PLAYA MUINO VELLO","Spain","Spain","ECBQ","UNKNOWN","9297632","340.2","Longliners","Longline","01/01/2016","31/12/2017"
"FV04496","Fishing","POLARIS","Portugal","Portugal","CUEX","L-2066-N","","412.0","Longliners","Longline","01/01/2008","31/12/2020"
"FV05613","Fishing","PREDATOR","New Zealand","New Zealand","ZM2416","90039","","22.0","Trollers","Troll","01/01/2016","31/12/2016"
"FV06286","Fishing","PRIMA UTAMA JAYA - I","Indonesia","Indonesia","YE 2148","28 NO. 2840/PPB","","28.0","Longliners","Longline","19/05/2015","23/06/2016"
"FV06287","Fishing","PRIMA UTAMA JAYA - II","Indonesia","Indonesia","YE 2149","28 NO. 2481/PPB","","28.0","Longliners","Longline","12/08/2015","23/10/2016"
"FV06280","Fishing","PRIMUS INDAH","Indonesia","Indonesia","YEB 5734","29 NO. 1139/PD","","29.0","Longliners","Longline","28/05/2015","04/07/2016"
"FV05094","Fishing","PRIMUS JAYA","Indonesia","Indonesia","YEA. 4207","86 NO. 2100/BC","","86.0","Longliners","Longline","16/10/2015","02/12/2016"
"FV06268","Fishing","PRIMUS JAYA - II","Indonesia","Indonesia","YEB 5717","30 NO. 1320/PD","","30.0","Longliners","Longline","14/12/2015","11/01/2017"
"FV04509","Fishing","PRINCIPE DAS MARES","Portugal","Portugal","CUPP3","PM-1218-C","","187.5","Longliners","Longline","01/01/2008","31/12/2020"
"FV04278","Fishing","PRINS WILLEM 1","South Africa","South Africa","ZR3372","CTA769","","164.4","Longliners","Longline","01/02/2016","31/01/2017"
"FV04590","Fishing","PUNTAL DE AGUETE","Spain","Spain","EBRS","UNKNOWN","9245990","234.0","Longliners","Longline","01/01/2016","31/12/2017"
"FV04007","Fishing","QUO VADIS","New Zealand","New Zealand","ZMA2759","9679","","21.0","Multipurpose vessels","Longline,Troll","01/01/2016","31/12/2016"
"FV06309","Fishing","RAMSES DOUS","Spain","Spain","EAOK","UNKNOWN","9166053","147.1","Longliners","Longline","01/01/2016","31/12/2017"
"FV06310","Fishing","RAYMI","Spain","Spain","EA3176","UNKNOWN","9024619","121.3","Longliners","Longline","01/01/2016","31/12/2017"
"FV00778","Fishing","REHUA","New Zealand","New Zealand","ZMRE","63301","9147784","2 483.0","Trawlers","Mid-water Trawl","01/01/2016","31/12/2016"
"FV06327","Fishing","REN HORNG DAR 68","Taiwan, Fishing Entity of","Taiwan, Fishing Entity of","BH3469","CT6-1469","9803314","324.0","Longliners","Longline","01/04/2016","30/09/2017"
"FV02655","Fishing","ROSE CROIX","New Zealand","New Zealand","ZM2091","63367","","40.0","Multipurpose vessels","Longline","01/01/2016","31/12/2016"
"FV05309","Fishing","RUEY SHENG 1","Taiwan, Fishing Entity of","Taiwan, Fishing Entity of","BZFV","CT6-1042","8648406","458.0","Longliners","Longline","01/04/2016","30/09/2017"
"FV00286","Fishing","RYOAN MARU 5","Japan","Japan","JPWV","1050","9204192","439.0","Longliners","Longline","01/04/2016","31/03/2017"
"FV00555","Fishing","RYOYOSHI MARU 8","Japan","Japan","JNQM","1030","9172911","379.0","Longliners","Longline","01/04/2016","31/03/2017"
"FV00693","Fishing","RYUSEI MARU 2","Japan","Japan","7LAQ","1308","8821216","379.0","Longliners","Longline","01/04/2016","31/03/2017"
"FV00692","Fishing","RYUSEI MARU 8","Japan","Japan","JHKN","1309","8708012","379.0","Longliners","Longline","01/04/2016","31/03/2017"
"FV04543","Fishing","SALAINO","Spain","Spain","EBRG","UNKNOWN","9245964","222.0","Longliners","Longline","01/01/2016","31/12/2017"
"FV04375","Fishing","SALT RIVER","Australia","Australia","UNKNOWN","P254","7320617","247.0","Multipurpose vessels","Unspecified Method","01/12/2015","30/11/2016"
"FV05942","Fishing","SAMUDERA PERKASA - I","Indonesia","Indonesia","YE. 5470","145 NO. 2520/BC","","145.0","Longliners","Longline","08/12/2015","08/11/2016"
"FV06103","Fishing","SAMUDRA AMERTA","Indonesia","Indonesia","YE. 7041","24 NO. 484/PD","","24.0","Longliners","Longline","12/11/2015","27/11/2016"
"FV05129","Fishing","SAMUDRA TUNA NUSANTARA - 01","Indonesia","Indonesia","YEA 5859","100 NO.850/PD","","100.0","Longliners","Longline","22/04/2015","13/05/2016"
"FV00774","Fishing","SAN DISCOVERY","New Zealand","New Zealand","ZMA2601","63165","8901523","1 899.0","Multipurpose vessels","Multiple Gear Types","01/01/2016","31/12/2016"
"FV00776","Fishing","SAN ENTERPRISE","New Zealand","New Zealand","ZMA3161","63755","8901420","1 899.0","Multipurpose vessels","Unspecified Method","01/01/2016","31/12/2016"
"FV00775","Fishing","SAN WAITAKI","New Zealand","New Zealand","ZMA3176","63722","8901468","1 899.0","Multipurpose vessels","Multiple Gear Types","01/01/2016","31/12/2016"
"FV03420","Fishing","SANDRA FAY","New Zealand","New Zealand","ZM9488","8463","","4.0","Longliners","Longline","01/01/2016","31/12/2016"
"FV00697","Fishing","SANEI MARU 1","Japan","Japan","7LVR","1277","8821280","379.0","Longliners","Longline","01/04/2016","31/03/2017"
"FV00698","Fishing","SANEI MARU 51","Japan","Japan","JGCF","1278","9311921","439.0","Longliners","Longline","01/04/2016","31/03/2017"
"FV00696","Fishing","SANEI MARU 8","Japan","Japan","JDMY","1276","9119957","379.0","Longliners","Longline","01/04/2016","31/03/2017"
"FV03196","Fishing","SANTA MARIA","New Zealand","New Zealand","ZM2781","64058","","72.0","Multipurpose vessels","Gillnet,Longline","01/01/2016","31/12/2016"
"FV03380","Fishing","SANTA ROSA","New Zealand","New Zealand","ZM6299","8246","","29.0","Multipurpose vessels","Multiple Gear Types","01/01/2016","31/12/2016"
"FV03413","Fishing","SAPPHIRE","New Zealand","New Zealand","ZM6339","8391","","40.0","Multipurpose vessels","Multiple Gear Types","01/01/2016","31/12/2016"
"FV06296","Fishing","SARDA","New Zealand","New Zealand","ZMG3161","901293","","80.0","Longliners","Unspecified Method","01/01/2016","31/12/2016"
"FV06053","Fishing","SATRIA NUGRAHA","Indonesia","Indonesia","YEB 5397","27 NO.371/NA","","27.0","Longliners","Longline","24/04/2015","16/06/2016"
"FV05725","Fishing","SAVANNAH","New Zealand","New Zealand","ZMA3822","9035","","33.0","Multipurpose vessels","Longline,Troll","01/01/2016","31/12/2016"
"FV04281","Fishing","SAXON","South Africa","South Africa","ZR4107","CT791","","269.4","Longliners","Longline","01/02/2016","31/01/2017"
"FV01340","Fishing","SAXON-S","Australia","Australia","UNKNOWN","LFB11747","","150.0","Multipurpose vessels","Unspecified Method","01/12/2015","30/11/2016"
"FV02347","Fishing","SEA HARVEST","New Zealand","New Zealand","ZM2928","4050","","61.0","Multipurpose vessels","Longline,Troll","01/01/2016","31/12/2016"
"FV05991","Fishing","SEA HUNTER","South Africa","South Africa","ZR8553","HTB301","","170.2","Longliners","Longline","01/02/2016","31/01/2017"
"FV01490","Fishing","SEA PRINCESS S","Australia","Australia","UNKNOWN","LXH","8104072","412.0","Multipurpose vessels","Unspecified Method","01/12/2015","30/11/2016"
"FV03874","Fishing","SEA PROPHET","New Zealand","New Zealand","ZM2283","900629","","11.0","Multipurpose vessels","Unspecified Method","01/01/2016","31/12/2016"
"FV01346","Fishing","SEATAS 3","Australia","Australia","UNKNOWN","O669","7901045","271.0","Multipurpose vessels","Unspecified Method","20/01/2016","30/11/2016"
"FV02508","Fishing","SEAWAY","New Zealand","New Zealand","ZM2172","5668","","34.0","Longliners","Longline","01/01/2016","31/12/2016"
"FV04612","Fishing","SEAWIN DIAMOND","South Africa","South Africa","ZR8025","CTA777","","151.0","Longliners","Longline","01/02/2016","31/01/2017"
"FV01493","Fishing","SEAWIN EMERALD","South Africa","South Africa","ZR7997","CTA780","","151.0","Longliners","Longline","01/02/2016","31/01/2017"
"FV04613","Fishing","SEAWIN SAPPHIRE","South Africa","South Africa","ZR8313","CTA757","","151.0","Longliners","Longline","01/02/2016","31/01/2017"
"FV00262","Fishing","SEIFUKU MARU 68","Japan","Japan","JRQF","1022","9036765","379.0","Longliners","Longline","01/04/2016","31/03/2017"
"FV06078","Fishing","SEIFUKU MARU 78","Japan","Japan","JPZG","1023","9262792","379.0","Longliners","Longline","01/04/2016","31/03/2017"
"FV00260","Fishing","SEIFUKU MARU 88","Japan","Japan","7JKM","1024","9634751","387.0","Longliners","Longline","01/04/2016","31/03/2017"
"FV06319","Fishing","SENTOSA JAYA - 02","Indonesia","Indonesia","YEB 5813","24 NO. 951/IA","","24.0","Longliners","Longline","30/09/2015","30/09/2016"
"FV06261","Fishing","SETIA MAKMUR","Indonesia","Indonesia","YEB 5043","26 NO. 1727/BC","","26.0","Longliners","Longline","03/03/2015","15/06/2016"
"FV05459","Fishing","SHANG FENG 3","Taiwan, Fishing Entity of","Taiwan, Fishing Entity of","BH3172","CT6-1172","8673140","473.0","Longliners","Longline","01/04/2016","30/09/2017"
"FV06329","Fishing","SHANG FU","Taiwan, Fishing Entity of","Taiwan, Fishing Entity of","BI2487","CT7-0487","8747226","696.0","Longliners","Longline","01/04/2016","30/09/2017"
"FV06083","Fishing","SHENG HAI 127","Taiwan, Fishing Entity of","Taiwan, Fishing Entity of","BI2286","CT7-0286","8674845","708.0","Longliners","Longline","01/04/2015","30/09/2016"
"FV04469","Fishing","SHIN SHUEN FAR 16","Taiwan, Fishing Entity of","Taiwan, Fishing Entity of","BG3667","CT5-1667","8749547","160.0","Longliners","Longline","01/04/2015","30/09/2016"
"FV05874","Fishing","SHIN SHUEN FAR 668","Taiwan, Fishing Entity of","Taiwan, Fishing Entity of","BG3694","CT5-1694","9627318","198.0","Longliners","Longline","01/04/2016","30/09/2017"
"FV05876","Fishing","SHIN SHUEN FAR 688","Taiwan, Fishing Entity of","Taiwan, Fishing Entity of","BG3733","CT5-1733","9691993","198.0","Longliners","Longline","01/04/2016","30/09/2017"
"FV05302","Fishing","SHIN SHUEN FAR 69","Taiwan, Fishing Entity of","Taiwan, Fishing Entity of","BG3676","CT5-1676","8749561","118.9","Longliners","Longline","01/04/2016","30/09/2017"
"FV06323","Fishing","SHIN SHUEN FAR 889","Taiwan, Fishing Entity of","Taiwan, Fishing Entity of","BH3452","CT6-1452","9787431","235.0","Longliners","Longline","01/04/2016","30/09/2017"
"FV05990","Fishing","SHOEI MARU 123","Japan","Japan","7JOL","T1035","9671735","439.0","Longliners","Longline","01/04/2016","31/03/2017"
"FV00332","Fishing","SHOEI MARU 88","Japan","Japan","JQFE","1034","9036715","409.0","Longliners","Longline","01/04/2016","31/03/2017"
"FV06212","Fishing","SHOFUKU MARU 18","Japan","Japan","7JQU","1038","9709843","439.0","Longliners","Longline","01/04/2016","31/03/2017"
"FV00324","Fishing","SHOFUKU MARU 38","Japan","Japan","JQGA","1039","9037549","418.0","Longliners","Longline","01/04/2016","31/03/2017"
"FV00323","Fishing","SHOFUKU MARU 58","Japan","Japan","JBPQ","1040","9135080","423.0","Longliners","Longline","01/04/2016","31/03/2017"
"FV00326","Fishing","SHOFUKU MARU 8","Japan","Japan","JCNJ","1037","9254123","409.0","Longliners","Longline","01/04/2016","31/03/2017"
"FV00327","Fishing","SHOFUKU MARU 88","Japan","Japan","JRGW","1042","8921121","391.0","Longliners","Longline","01/04/2016","31/03/2017"
"FV00264","Fishing","SHOUN MARU 151","Japan","Japan","JPYK","1011","9109469","319.0","Longliners","Longline","01/04/2016","31/03/2017"
"FV00265","Fishing","SHOUN MARU 51","Japan","Japan","JRMX","1010","9011325","319.0","Longliners","Longline","01/04/2016","31/03/2017"
"FV00041","Fishing","SHUANG LIAN","Taiwan, Fishing Entity of","Taiwan, Fishing Entity of","BH2963","CT6-0963","8749066","420.0","Longliners","Longline","01/04/2016","30/09/2017"
"FV06256","Fishing","SHUN FENG 12","Taiwan, Fishing Entity of","Taiwan, Fishing Entity of","BH3442","CT6-1442","9761114","260.0","Longliners","Longline","01/04/2016","30/09/2017"
"FV04022","Fishing","SHUU CHANG 6","Taiwan, Fishing Entity of","Taiwan, Fishing Entity of","BH2962","CT6-0962","8822739","426.4","Longliners","Longline","01/04/2016","30/09/2017"
"FV00066","Fishing","SHYANG CHYANG 8","Taiwan, Fishing Entity of","Taiwan, Fishing Entity of","BH3085","CT6-1085","8749042","448.0","Longliners","Longline","01/04/2016","30/09/2017"
"FV00045","Fishing","SHYANG CHYANG 88","Taiwan, Fishing Entity of","Taiwan, Fishing Entity of","BH2983","CT6-0983","8749054","437.4","Longliners","Longline","01/04/2016","30/09/2017"
"FV06328","Fishing","SHYANG CHYANG 888","Taiwan, Fishing Entity of","Taiwan, Fishing Entity of","BI2475","CT7-0475","8649046","674.0","Longliners","Longline","01/04/2016","30/09/2017"
"FV04597","Fishing","SIEMPRE SOCIO","Spain","Spain","EBWQ","UNKNOWN","9245976","192.0","Longliners","Longline","01/01/2016","31/12/2017"
"FV04438","Fishing","SILVER IMAGE","Australia","Australia","UNKNOWN","O530","","40.0","Multipurpose vessels","Unspecified Method","01/12/2015","30/11/2016"
"FV06289","Fishing","SIMOAN","Australia","Australia","VHS6267","M324","","247.0","Purse seiners","Purse Seine","03/12/2015","30/11/2016"
"FV05878","Fishing","SIN HUA FONG 16","Taiwan, Fishing Entity of","Taiwan, Fishing Entity of","BG3734","CT5-1734","9727754","198.0","Longliners","Longline","01/04/2016","30/09/2017"
"FV06257","Fishing","SIN HUA FONG 168","Taiwan, Fishing Entity of","Taiwan, Fishing Entity of","BH3445","CT6-1445","9775787","238.0","Longliners","Longline","01/04/2016","30/09/2017"
"FV06262","Fishing","SINAR MAS 1","Indonesia","Indonesia","YEB 5138","28 NO. 864/PD","","28.0","Longliners","Longline","10/08/2015","25/11/2016"
"FV05869","Fishing","SINMETRA - 8","Indonesia","Indonesia","YE.5458","130 NO. 1076/BC","","130.0","Longliners","Longline","18/09/2015","21/11/2016"
"FV01355","Fishing","SOUTHERN CONDOR","Australia","Australia","UNKNOWN","LRO","","126.0","Multipurpose vessels","Unspecified Method","01/12/2015","30/11/2016"
"FV04283","Fishing","SOUTHERN CRUSADER","South Africa","South Africa","ZR6053","CTA140","","224.6","Longliners","Longline","01/02/2016","31/01/2017"
"FV05705","Fishing","SOUTHWEST SEAHAWK","South Africa","South Africa","ZR7746","CTA790","","0.0","Longliners","Longline","01/02/2016","31/01/2017"
"FV03414","Fishing","SOVEREIGN","New Zealand","New Zealand","ZM7040","8392","","25.0","Multipurpose vessels","Unspecified Method","01/01/2016","31/12/2016"
"FV06266","Fishing","ST BERNADETTE","Australia","Australia","VK4626","UPP","","45.0","Trollers","Troll","10/03/2016","30/11/2016"
"FV03496","Fishing","STELLA B","New Zealand","New Zealand","ZM2766","900331","","78.0","Multipurpose vessels","Unspecified Method","01/01/2016","31/12/2016"
"FV05764","Fishing","STRIKE FORCE","New Zealand","New Zealand","ZMG 2682","901137","","50.0","Longliners","Longline","01/01/2016","31/12/2016"
"FV06301","Fishing","SUMBER REJEKI - I","Indonesia","Indonesia","YEB 5809","58 NO. 1789/PD","","58.0","Longliners","Longline","03/08/2015","02/08/2016"
"FV06338","Fishing","SUMBER REZEKI - 21","Indonesia","Indonesia","YEB 5406","59 NO. 1735/PD","","59.0","Longliners","Longline","04/01/2016","12/01/2017"
"FV00455","Fishing","SUMIYOSHI MARU 10","Japan","Japan","JEYM","1172","9152222","499.0","Longliners","Longline","01/04/2016","31/03/2017"
"FV00465","Fishing","SUMIYOSHI MARU 75","Japan","Japan","JQZA","1180","9234238","499.0","Longliners","Longline","01/04/2016","31/03/2017"
"FV05449","Fishing","SURYA TERANG - 88","Indonesia","Indonesia","YEB.4208","147 NO. 1225/PD","","147.0","Longliners","Longline","22/04/2015","13/05/2016"
"FV05735","Fishing","SURYA TERBIT - 109","Indonesia","Indonesia","YEA 4087","64 NO. 1530/PD","","64.0","Longliners","Longline","16/10/2015","30/09/2016"
"FV05585","Fishing","SURYA TERBIT 168","Indonesia","Indonesia","YEA 5638","135 NO.29/NA","","135.0","Longliners","Longline","21/05/2015","07/08/2016"
"FV05586","Fishing","SURYA TERBIT 169","Indonesia","Indonesia","YEA. 5371","144 NO. 715/PD","","144.0","Longliners","Longline","20/03/2015","09/06/2016"
"FV05314","Fishing","SWELLENDAM","South Africa","South Africa","ZR4004","HTB 15","","78.0","Longliners","Longline","01/02/2016","31/01/2017"
"FV04462","Fishing","SYZYGY SEA","Australia","Australia","UNKNOWN","O531","","73.0","Multipurpose vessels","Unspecified Method","01/12/2015","30/11/2016"
"FV04117","Fishing","TA CHUN 101","Taiwan, Fishing Entity of","Taiwan, Fishing Entity of","BI2069","CT7-0069","8749286","712.3","Longliners","Longline","01/04/2016","30/09/2017"
"FV06038","Fishing","TACOMA","Australia","Australia","UNKNOWN","P38","5348380","105.0","Trollers","Troll","15/02/2016","30/11/2016"
"FV04599","Fishing","TAFIRA","Spain","Spain","EBZP","UNKNOWN","5348512","242.5","Longliners","Longline","01/01/2016","31/12/2017"
"FV00605","Fishing","TAIWA MARU 8","Japan","Japan","JNJY","1259","9185384","379.0","Longliners","Longline","01/04/2016","31/03/2017"
"FV00412","Fishing","TAIYO MARU 37","Japan","Japan","JKRY","1075","8717192","379.0","Longliners","Longline","01/04/2016","31/03/2017"
"FV00532","Fishing","TAIYO MARU 38","Japan","Japan","JEKL","1224","9146754","408.0","Longliners","Longline","01/04/2016","31/03/2017"
"FV00382","Fishing","TAIYO MARU 58","Japan","Japan","JRII","T1225","8921119","379.0","Longliners","Longline","01/04/2016","31/03/2017"
"FV00658","Fishing","TAIYO MARU 8","Japan","Japan","JDHW","1289","9057977","379.0","Longliners","Longline","01/04/2016","31/03/2017"
"FV00536","Fishing","TAIYO MARU 88","Japan","Japan","JIVV","1290","9036703","691.0","Longliners","Longline","01/04/2016","31/03/2017"
"FV00411","Fishing","TAIYOU MARU 11","Japan","Japan","JMSH","1078","8921133","379.0","Longliners","Longline","01/04/2016","31/03/2017"
"FV04600","Fishing","TALASA","Spain","Spain","ECBN","UNKNOWN","9339210","207.0","Longliners","Longline","01/01/2016","31/12/2017"
"FV00288","Fishing","TATSU MARU 68","Japan","Japan","JCGP","1048","8944147","379.0","Longliners","Longline","01/04/2016","31/03/2017"
"FV03241","Fishing","TE AROHA","New Zealand","New Zealand","ZM2809","70547","","50.0","Trawlers","Unspecified Method","01/01/2016","31/12/2016"
"FV02383","Fishing","TE TONGA","New Zealand","New Zealand","ZM2044","4362","","52.0","Multipurpose vessels","Unspecified Method","01/01/2016","31/12/2016"
"FV01509","Fishing","TEEPOOKANA","New Zealand","New Zealand","ZMG2258","900986","","40.0","Multipurpose vessels","Longline,Troll","01/01/2016","31/12/2016"
"FV06196","Fishing","TELUK BAKAU - 8","Indonesia","Indonesia","YEB 5526","29 NO. 1650/PD","","29.0","Longliners","Longline","11/07/2015","30/08/2016"
"FV04003","Fishing","TEMPEST","New Zealand","New Zealand","ZMA3693","96127","","39.0","Multipurpose vessels","Multiple Gear Types","01/01/2016","31/12/2016"
"FV02532","Fishing","THELMA C","New Zealand","New Zealand","ZM5621","5985","","33.0","Multipurpose vessels","Longline,Troll","01/01/2016","31/12/2016"
"FV02371","Fishing","THELMA G","New Zealand","New Zealand","ZM5640","4133","","48.5","Multipurpose vessels","Longline,Troll","01/01/2016","31/12/2016"
"FV02638","Fishing","TIROHIA","New Zealand","New Zealand","ZM4711","63237","","27.0","Trawlers","Mid-water Trawl","01/01/2016","31/12/2016"
"FV00451","Fishing","TOEI MARU 6","Japan","Japan","JFZQ","1170","8909745","439.0","Longliners","Longline","01/04/2016","31/03/2017"
"FV02102","Fishing","TRIAL B","New Zealand","New Zealand","ZM2376","11434","","47.0","Multipurpose vessels","Longline,Troll","01/01/2016","31/12/2016"
"FV06222","Fishing","TRIKA SAMUDRA","Indonesia","Indonesia","YEA. 4466","101 NO. 2331/BC","","101.0","Longliners","Longline","06/01/2016","19/03/2017"
"FV02055","Fishing","TRINITY I","New Zealand","New Zealand","ZM7223","10377","","47.0","Multipurpose vessels","Unspecified Method","01/01/2016","31/12/2016"
"FV02759","Fishing","TRITON","New Zealand","New Zealand","ZM5634","63852","","44.0","Longliners","Longline","01/01/2016","31/12/2016"
"FV02542","Fishing","TUI","New Zealand","New Zealand","ZM4222","6110","","52.0","Multipurpose vessels","Multiple Gear Types","01/01/2016","31/12/2016"
"FV06281","Fishing","TUNA JAYA 111","Indonesia","Indonesia","YEA 4090","64 NO. 1533/PD","","64.0","Longliners","Longline","23/06/2015","01/06/2016"
"FV06194","Fishing","TUNA SEGAR - 8","Indonesia","Indonesia","YEC 4069","30 NO. 226/BB","","30.0","Longliners","Longline","18/11/2015","29/11/2016"
"FV01360","Fishing","TUNAMOON","Australia","Australia","VJ2224","LFB13068","","45.0","Longliners","Longline","03/03/2016","30/11/2016"
"FV04384","Fishing","TWO BOYS","South Africa","South Africa","ZR4512","CT895","","149.8","Longliners","Longline","01/02/2016","31/01/2017"
"FV04276","Fishing","UBUNTU","South Africa","South Africa","ZR5918","CTA734","","185.9","Longliners","Longline","01/02/2016","31/01/2017"
"FV02122","Fishing","UNA-RAE","New Zealand","New Zealand","ZM5731","14217","","26.0","Multipurpose vessels","Unspecified Method","01/01/2016","31/12/2016"
"FV04498","Fishing","VALMITAO","Portugal","Portugal","CUFN","PM-1291-N","","593.0","Longliners","Longline","01/01/2008","31/12/2020"
"FV04497","Fishing","VERDEMILHO","Portugal","Portugal","CUOZ","V-1065-C","","273.0","Longliners","Longline","01/01/2008","31/12/2020"
"FV04378","Fishing","VICTOR - BJ","Australia","Australia","UNKNOWN","O564","9302401","260.0","Multipurpose vessels","Unspecified Method","01/12/2015","30/11/2016"
"FV06311","Fishing","VIKING BAY","Spain","Spain","EAWJ","UNKNOWN","9221516","280.0","Longliners","Longline","01/01/2016","31/12/2017"
"FV05312","Fishing","VIKING RUBY","South Africa","South Africa","ZR8020","CTA779","","151.0","Longliners","Longline","01/02/2016","31/01/2017"
"FV04510","Fishing","VILA DO INFANTE","Portugal","Portugal","CUOW7","SA-543-C","","128.5","Longliners","Longline","01/01/2008","31/12/2020"
"FV04499","Fishing","VISTA ALEGRE","Portugal","Portugal","CUOU","A-3148-C","","228.0","Longliners","Longline","01/01/2008","31/12/2020"
"FV03502","Fishing","WAIRAU","New Zealand","New Zealand","ZM2301","900355","","37.0","Longliners","Longline","01/01/2016","31/12/2016"
"FV00699","Fishing","WAKASHIO MARU 108","Japan","Japan","JDWA","1311","9135107","499.0","Longliners","Longline","01/04/2016","31/03/2017"
"FV00666","Fishing","WAKASHIO MARU 118","Japan","Japan","JDXC","1306","9167772","499.0","Longliners","Longline","01/04/2016","31/03/2017"
"FV00664","Fishing","WAKASHIO MARU 128","Japan","Japan","JGAY","1307","9314131","439.0","Longliners","Longline","01/04/2016","31/03/2017"
"FV00700","Fishing","WAKASHIO MARU 58","Japan","Japan","7KWV","1269","8814952","388.0","Longliners","Longline","01/04/2016","31/03/2017"
"FV00668","Fishing","WAKASHIO MARU 68","Japan","Japan","JNHP","1270","8914996","398.0","Longliners","Longline","01/04/2016","31/03/2017"
"FV00701","Fishing","WAKASHIO MARU 8","Japan","Japan","JFRV","1310","9206176","499.0","Longliners","Longline","01/04/2016","31/03/2017"
"FV00667","Fishing","WAKASHIO MARU 82","Japan","Japan","JMOX","1304","9047910","409.0","Longliners","Longline","01/04/2016","31/03/2017"
"FV00665","Fishing","WAKASHIO MARU 83","Japan","Japan","JDMD","1305","9109249","409.0","Longliners","Longline","01/04/2016","31/03/2017"
"FV00702","Fishing","WAKASHIO MARU 88","Japan","Japan","JNGV","1271","8910574","379.0","Longliners","Longline","01/04/2016","31/03/2017"
"FV02794","Fishing","WESTERN LEADER","New Zealand","New Zealand","ZMA3139","64005","","47.0","Multipurpose vessels","Longline,Troll","01/01/2016","31/12/2016"
"FV02338","Fishing","WESTERNER","New Zealand","New Zealand","ZM8831","40084","","49.7","Multipurpose vessels","Multiple Gear Types","01/01/2016","31/12/2016"
"FV05707","Fishing","WIJAYA ABADI - VI","Indonesia","Indonesia","YE. 5535","82 NO. 1577/PD","","82.0","Longliners","Longline","07/08/2015","06/08/2016"
"FV06331","Fishing","WIN FAR 828","Taiwan, Fishing Entity of","Taiwan, Fishing Entity of","BI2574","CT7-0574","9219537","530.0","Longliners","Longline","01/04/2016","30/09/2017"
"FV06252","Fishing","WIN FAR 888","Taiwan, Fishing Entity of","Taiwan, Fishing Entity of","BH3337","CT6-1337","8747329","496.0","Longliners","Longline","01/04/2016","30/09/2017"
"FV00048","Fishing","WIN LONG","Taiwan, Fishing Entity of","Taiwan, Fishing Entity of","BH2998","CT6-0998","8749597","394.9","Longliners","Longline","01/04/2016","30/09/2017"
"FV06284","Fishing","WIRTA - 7","Indonesia","Indonesia","YEB 5592","96 NO. 2080/PD","","96.0","Longliners","Longline","29/06/2015","10/08/2016"
"FV05998","Fishing","WIRTA - I","Indonesia","Indonesia","YEB 5328","45 NO. 812/NA","","45.0","Longliners","Longline","05/12/2015","04/12/2016"
"FV06321","Fishing","WOEN YU 168","Taiwan, Fishing Entity of","Taiwan, Fishing Entity of","BH3325","CT6-1325","8647995","493.0","Longliners","Longline","01/04/2016","30/09/2017"
"FV00040","Fishing","WOEN YU CHANG 6","Taiwan, Fishing Entity of","Taiwan, Fishing Entity of","BH2942","CT6-0942","8648717","376.5","Longliners","Longline","01/04/2016","30/09/2017"
"FV00391","Fishing","YAHATA MARU 5","Japan","Japan","7JMJ","1045","9658549","439.0","Longliners","Longline","01/04/2016","31/03/2017"
"FV01307","Fishing","YASMIN","Australia","Australia","UNKNOWN","O534","8019942","168.0","Multipurpose vessels","Unspecified Method","01/12/2015","30/11/2016"
"FV05875","Fishing","YI JEN CHUN 668","Taiwan, Fishing Entity of","Taiwan, Fishing Entity of","BH3402","CT6-1402","8674780","218.0","Longliners","Longline","01/04/2016","30/09/2017"
"FV04471","Fishing","YING FA HSIANG","Taiwan, Fishing Entity of","Taiwan, Fishing Entity of","BI2588","CT7-0588","8661484","531.0","Longliners","Longline","01/04/2015","30/09/2016"
"FV00084","Fishing","YING YONG HSIANG","Taiwan, Fishing Entity of","Taiwan, Fishing Entity of","BH3306","CT6-1306","8674340","489.0","Longliners","Longline","01/04/2016","30/09/2017"
"FV00121","Fishing","YNG HSING 23","Taiwan, Fishing Entity of","Taiwan, Fishing Entity of","BI2480","CT7-0480","8673085","733.0","Longliners","Longline","01/04/2016","30/09/2017"
"FV00082","Fishing","YU CHAN HSIANG","Taiwan, Fishing Entity of","Taiwan, Fishing Entity of","BH3294","CT6-1294","8749585","489.0","Longliners","Longline","01/04/2016","30/09/2017"
"FV06085","Fishing","YU HSING HSIANG 168","Taiwan, Fishing Entity of","Taiwan, Fishing Entity of","BI2523","CT7-0523","8674857","547.0","Longliners","Longline","01/04/2015","30/09/2016"
"FV06259","Fishing","YU I HSIANG 627","Taiwan, Fishing Entity of","Taiwan, Fishing Entity of","BI2448","CT7-0448","8647402","708.0","Longliners","Longline","01/04/2015","30/09/2016"
"FV02763","Fishing","ZAMBUCCA","New Zealand","New Zealand","ZM2696","63867","","67.0","Multipurpose vessels","Longline,Troll","01/01/2016","31/12/2016"
"FV04609","Fishing","ZUMAYA DOUS","Spain","Spain","ECBF","UNKNOWN","9306603","148.6","Longliners","Longline","01/01/2016","31/12/2017"
